t,I,Type,"Type Numerical(A=0, C=1, T=2, G=3)",Blockade_Height
0.11,0.564,A,0,0.394264
0.05,0.55819,A,0,0.400074
0.09,0.52902,A,0,0.429244
0.32,0.67121,A,0,0.287054
0.45,0.81738,A,0,0.140884
0.47,0.86346,A,0,0.094804
0.11,0.56842,A,0,0.389844
0.07,0.57412,A,0,0.384144
0.24,0.56203,A,0,0.396234
0.45,0.62594,A,0,0.332324
0.15,1.00958,A,0,-0.051316
0.08,0.539,A,0,0.419264
0.24,0.9157,A,0,0.042564
0.55,0.86322,A,0,0.095044
0.35,0.98465,A,0,-0.026386
0.4,0.92533,A,0,0.032934
0.15,0.53745,A,0,0.420814
0.49,0.55307,A,0,0.405194
0.06,0.54073,A,0,0.417534
0.67,1.06888,A,0,-0.110616
0.9,0.89136,A,0,0.066904
0.65,0.58495,A,0,0.373314
0.43,0.85128,A,0,0.106984
0.34,0.89261,A,0,0.065654
0.29,0.80146,A,0,0.156804
0.76,0.87969,A,0,0.078574
1.01,0.95457,A,0,0.003694
0.43,0.58363,A,0,0.374634
0.52,0.75018,A,0,0.208084
0.51,0.90216,A,0,0.056104
0.5,0.8625,A,0,0.095764
0.45,1.52111,A,0,-0.562846
0.61,0.95095,A,0,0.007314
0.99,0.90323,A,0,0.055034
0.47,0.81292,A,0,0.145344
0.84,0.83443,A,0,0.123834
0.87,1.00562,A,0,-0.047356
0.7,0.88217,A,0,0.076094
0.78,0.88914,A,0,0.069124
0.75,1.03294,A,0,-0.074676
0.5,0.83178,A,0,0.126484
0.53,0.77193,A,0,0.186334
0.5,0.85466,A,0,0.103604
0.31,0.95214,A,0,0.006124
0.1,1.19591,A,0,-0.237646
0.58,0.80587,A,0,0.152394
0.51,0.88545,A,0,0.072814
0.53,0.78688,A,0,0.171384
0.37,0.84629,A,0,0.111974
0.55,0.64668,A,0,0.311584
0.69,0.78531,A,0,0.172954
0.16,0.7062,A,0,0.252064
0.5,0.89915,A,0,0.059114
0.48,0.90342,A,0,0.054844
0.6,0.78855,A,0,0.169714
0.55,0.77653,A,0,0.181734
0.61,0.79336,A,0,0.164904
0.88,1.02123,A,0,-0.062966
0.29,0.82382,A,0,0.134444
0.62,0.72105,A,0,0.237214
0.35,0.73944,A,0,0.218824
0.35,0.9004,A,0,0.057864
0.2799,0.8138,A,0,0.144464
0.26,0.80469,A,0,0.153574
0.32,0.86483,A,0,0.093434
0.29,0.6321,A,0,0.326164
0.43,1.01702,A,0,-0.058756
0.93,0.84614,A,0,0.112124
0.54,0.97129,A,0,-0.013026
1.07,0.92626,A,0,0.032004
1.08,0.98222,A,0,-0.023956
0.79,0.81408,A,0,0.144184
0.97,1.02695,A,0,-0.068686
0.91,0.97175,A,0,-0.013486
0.41,0.78039,A,0,0.177874
0.19,0.53698,A,0,0.421284
0.11,0.55929,A,0,0.398974
0.4401,0.55553,A,0,0.402734
1.0401,0.91929,A,0,0.038974
0.44,0.83641,A,0,0.121854
0.17,0.83466,A,0,0.123604
0.3,0.89446,A,0,0.063804
0.38,0.90794,A,0,0.050324
0.8301,0.91027,A,0,0.047994
0.94,0.87961,A,0,0.078654
0.76,0.99353,A,0,-0.035266
0.4,1.0293,A,0,-0.071036
0.3499,0.96189,A,0,-0.003626
0.51,0.89849,A,0,0.059774
0.2,0.72172,A,0,0.236544
0.0801,0.57492,A,0,0.383344
0.71,0.78184,A,0,0.176424
0.13,0.56314,A,0,0.395124
0.33,0.69649,A,0,0.261774
0.53,0.75849,A,0,0.199774
0.73,1.04076,A,0,-0.082496
1.14,0.91451,A,0,0.043754
0.68,0.8772,A,0,0.081064
0.78,0.91843,A,0,0.039834
0.42,0.9229,A,0,0.035364
0.43,0.79085,A,0,0.167414
0.57,0.79392,A,0,0.164344
0.42,0.91163,A,0,0.046634
0.5199,0.7967,A,0,0.161564
0.62,0.84715,A,0,0.111114
0.28,0.87853,A,0,0.079734
0.4199,0.8744,A,0,0.083864
0.56,0.90141,A,0,0.056854
0.56,0.84262,A,0,0.115644
0.0801,0.59456,A,0,0.363704
0.4,0.8406,A,0,0.117664
0.81,1.01037,A,0,-0.052106
0.22,0.88159,A,0,0.076674
0.35,0.8194,A,0,0.138864
0.87,0.91952,A,0,0.038744
0.81,0.99009,A,0,-0.031826
0.98,0.63938,A,0,0.318884
0.78,0.86974,A,0,0.088524
1.11,0.95188,A,0,0.006384
1.06,1.06228,A,0,-0.104016
1.14,0.97941,A,0,-0.021146
0.67,0.82858,A,0,0.129684
0.25,0.92113,A,0,0.037134
0.92,0.95292,A,0,0.005344
0.68,0.85905,A,0,0.099214
0.65,0.94161,A,0,0.016654
0.69,0.92852,A,0,0.029744
0.6999,0.80923,A,0,0.149034
0.54,0.84193,A,0,0.116334
0.93,0.75591,A,0,0.202354
0.5499,0.8836,A,0,0.074664
0.53,0.903,A,0,0.055264
0.23,0.86058,A,0,0.097684
0.47,0.80299,A,0,0.155274
0.6401,0.88442,A,0,0.073844
0.28,0.72783,A,0,0.230434
0.44,0.85636,A,0,0.101904
0.26,0.86562,A,0,0.092644
0.6201,0.76897,A,0,0.189294
0.09,0.57212,A,0,0.386144
0.19,0.7692,A,0,0.189064
0.14,0.81469,A,0,0.143574
0.24,0.84061,A,0,0.117654
0.23,0.71414,A,0,0.244124
0.22,0.93768,A,0,0.020584
0.3299,0.7573,A,0,0.200964
0.2001,0.72873,A,0,0.229534
0.31,0.91689,A,0,0.041374
0.22,0.85928,A,0,0.098984
0.22,0.73861,A,0,0.219654
0.64,0.69457,A,0,0.263694
0.69,0.79846,A,0,0.159804
0.81,0.89093,A,0,0.067334
0.5399,0.83089,A,0,0.127374
0.7799,0.76348,A,0,0.194784
0.48,0.72734,A,0,0.230924
0.08,0.5853,A,0,0.372964
0.36,0.90573,A,0,0.052534
0.42,0.78547,A,0,0.172794
0.64,0.68853,A,0,0.269734
0.79,0.81336,A,0,0.144904
0.35,0.81419,A,0,0.144074
0.9599,0.93109,A,0,0.027174
0.9099,0.69144,A,0,0.266824
0.88,0.9346,A,0,0.023664
0.5699,0.84354,A,0,0.114724
0.1901,0.91162,A,0,0.046644
0.3,0.82225,A,0,0.136014
0.1001,0.56353,A,0,0.394734
0.53,0.74108,A,0,0.217184
0.5,0.87682,A,0,0.081444
0.1099,0.58074,A,0,0.377524
0.83,0.87607,A,0,0.082194
0.6899,0.85418,A,0,0.104084
0.53,0.83743,A,0,0.120834
0.5699,0.79915,A,0,0.159114
0.5601,0.89042,A,0,0.067844
0.3599,0.80345,A,0,0.154814
0.39,0.82916,A,0,0.129104
0.25,0.92947,A,0,0.028794
0.1801,0.96593,A,0,-0.007666
0.05,0.69853,A,0,0.259734
0.1801,1.00445,A,0,-0.046186
0.1201,0.88755,A,0,0.070714
0.0999,0.92932,A,0,0.028944
0.05,0.6403,A,0,0.317964
0.16,1.02036,A,0,-0.062096
0.0999,0.84855,A,0,0.109714
0.11,0.87579,A,0,0.082474
0.1501,0.84762,A,0,0.110644
0.0901,0.67752,A,0,0.280744
0.1499,0.77531,A,0,0.182954
0.08,0.81338,A,0,0.144884
0.1399,1.02211,A,0,-0.063846
0.1299,0.94264,A,0,0.015624
0.0899,0.90114,A,0,0.057124
0.06,0.67212,A,0,0.286144
0.11,0.91654,A,0,0.041724
0.1099,0.89756,A,0,0.060704
0.1401,0.91123,A,0,0.047034
0.13,0.97556,A,0,-0.017296
0.1799,0.74176,A,0,0.216504
0.1,0.81541,A,0,0.142854
0.26,0.99295,A,0,-0.034686
0.41,0.89568,A,0,0.062584
0.4201,0.89632,A,0,0.061944
0.36,0.93038,A,0,0.027884
0.36,0.71771,A,0,0.240554
0.77,0.85613,A,0,0.102134
0.53,0.80203,A,0,0.156234
0.08,0.54771,A,0,0.410554
0.9199,0.86791,A,0,0.090354
0.1399,0.64665,A,0,0.311614
0.2801,0.87979,A,0,0.078474
0.36,0.79429,A,0,0.163974
0.4701,0.79472,A,0,0.163544
0.28,0.73962,A,0,0.218644
0.3701,0.78595,A,0,0.172314
0.0901,0.56011,A,0,0.398154
0.4301,0.83084,A,0,0.127424
0.46,0.89759,A,0,0.060674
0.3201,0.85731,A,0,0.100954
0.72,0.93119,A,0,0.027074
0.48,0.94671,A,0,0.011554
0.6099,0.82601,A,0,0.132254
0.26,1.04762,A,0,-0.089356
0.6699,0.88974,A,0,0.068524
0.18,0.99028,A,0,-0.032016
0.51,0.80911,A,0,0.149154
0.3499,0.78405,A,0,0.174214
0.57,0.59991,A,0,0.358354
0.29,0.97579,A,0,-0.017526
0.1701,0.73573,A,0,0.222534
0.53,0.89251,A,0,0.065754
0.6399,0.90796,A,0,0.050304
0.45,0.97416,A,0,-0.015896
0.5,0.65514,A,0,0.303124
0.25,0.9734,A,0,-0.015136
0.26,1.01601,A,0,-0.057746
0.33,0.96535,A,0,-0.007086
0.3399,1.03512,A,0,-0.076856
0.3899,1.02293,A,0,-0.064666
0.3101,0.87442,A,0,0.083844
0.25,0.93272,A,0,0.025544
0.18,0.99983,A,0,-0.041566
0.22,0.90548,A,0,0.052784
0.11,0.64488,A,0,0.313384
0.27,0.89617,A,0,0.062094
0.39,0.89381,A,0,0.064454
0.33,1.02483,A,0,-0.066566
0.29,0.89622,A,0,0.062044
0.5,0.90885,A,0,0.049414
0.42,0.82952,A,0,0.128744
0.31,0.90003,A,0,0.058234
0.3,0.94295,A,0,0.015314
0.33,1.01871,A,0,-0.060446
0.3,1.02277,A,0,-0.064506
0.4199,0.87172,A,0,0.086544
0.63,0.84624,A,0,0.112024
0.4,0.96323,A,0,-0.004966
0.52,0.91821,A,0,0.040054
0.5,0.91139,A,0,0.046874
0.79,0.90319,A,0,0.055074
0.21,0.97474,A,0,-0.016476
0.32,0.90622,A,0,0.052044
0.4299,0.97705,A,0,-0.018786
0.3401,0.97607,A,0,-0.017806
0.8001,0.79287,A,0,0.165394
0.6001,0.69742,A,0,0.260844
0.5701,0.92364,A,0,0.034624
0.55,0.62391,A,0,0.334354
0.8,0.83145,A,0,0.126814
0.22,0.95058,A,0,0.007684
0.5099,0.73928,A,0,0.218984
0.1301,0.70077,A,0,0.257494
0.3,0.80291,A,0,0.155354
0.3702,0.87822,A,0,0.080044
0.25,0.86564,A,0,0.092624
0.3001,0.93192,A,0,0.026344
0.2399,1.00656,A,0,-0.048296
0.19,0.96376,A,0,-0.005496
0.2598,0.97258,A,0,-0.014316
0.2002,0.90976,A,0,0.048504
0.6198,0.59892,A,0,0.359344
0.4202,0.80593,A,0,0.152334
0.25,0.83642,A,0,0.121844
0.27,0.83832,A,0,0.119944
0.38,0.84498,A,0,0.113284
0.2901,0.78027,A,0,0.177994
0.2302,0.85654,A,0,0.101724
0.7698,0.71256,A,0,0.245704
0.1999,0.83258,A,0,0.125684
0.1502,0.59485,A,0,0.363414
0.33,0.76408,A,0,0.194184
0.8202,0.84537,A,0,0.112894
0.6099,0.83516,A,0,0.123104
0.0502,0.54841,A,0,0.409854
0.6998,0.73382,A,0,0.224444
0.3599,0.77003,A,0,0.188234
0.46,0.83547,A,0,0.122794
0.3199,0.86412,A,0,0.094144
0.24,0.63088,A,0,0.327384
0.9399,0.75231,A,0,0.205954
1.15,0.82569,A,0,0.132574
0.8701,0.82476,A,0,0.133504
0.1401,0.64859,A,0,0.309674
0.9399,0.76592,A,0,0.192344
0.8799,0.62536,A,0,0.332904
0.0698,0.60724,A,0,0.351024
0.07,0.63262,A,0,0.325644
0.13,0.73458,A,0,0.223684
0.1699,0.74325,A,0,0.215014
0.3498,0.81142,A,0,0.146844
0.18,0.95168,A,0,0.006584
0.2602,0.81764,A,0,0.140624
0.0502,0.54803,A,0,0.410234
0.19,0.79719,A,0,0.161074
0.29,0.80817,A,0,0.150094
0.34,0.84565,A,0,0.112614
0.49,0.728,A,0,0.230264
0.54,0.83121,A,0,0.127054
0.25,0.88526,A,0,0.073004
0.3395,0.84616,A,0,0.112104
0.1201,0.70458,A,0,0.253684
0.25,0.76121,A,0,0.197054
0.449,0.8293,A,0,0.128964
0.2095,0.87268,A,0,0.085584
0.2207,0.66801,A,0,0.290254
0.591,0.82545,A,0,0.132814
0.2705,0.8422,A,0,0.116064
0.5995,0.71761,A,0,0.240654
0.7305,0.74189,A,0,0.216374
0.76,0.87218,A,0,0.086084
0.5304,0.81484,A,0,0.143424
0.0607,0.60742,A,0,0.350844
0.5602,0.77146,A,0,0.186804
0.2595,0.85911,A,0,0.099154
0.6795,0.77175,A,0,0.186514
0.3095,0.84402,A,0,0.114244
0.2693,0.90512,A,0,0.053144
0.3705,0.7943,A,0,0.163964
0.4103,0.70245,A,0,0.255814
0.2599,0.78836,A,0,0.169904
0.569,0.73438,A,0,0.223884
0.8605,0.77267,A,0,0.185594
0.2997,0.72525,A,0,0.233014
0.71,0.76427,A,0,0.193994
0.6907,0.9216,A,0,0.036664
0.5598,0.66133,A,0,0.296934
0.489,0.85225,A,0,0.106014
0.6506,0.86927,A,0,0.088994
0.71,1.03102,A,0,-0.072756
0.75,0.69642,A,0,0.261844
0.431,0.5761,A,0,0.382164
0.6795,0.60682,A,0,0.351444
0.75,0.65336,A,0,0.304904
0.92,0.65515,A,0,0.303114
0.4707,0.74566,A,0,0.212604
0.67,0.677,A,0,0.281264
0.1405,0.54264,A,0,0.415624
0.0497,0.5155,A,0,0.442764
0.0605,0.54031,A,0,0.417954
0.4305,0.56456,A,0,0.393704
0.1407,0.93589,A,0,0.022374
0.5606,0.81062,A,0,0.147644
0.25,0.83899,A,0,0.119274
0.25,0.89911,A,0,0.059154
0.2402,0.99688,A,0,-0.038616
0.329,0.84214,A,0,0.116124
0.1395,0.58359,A,0,0.374674
0.2305,0.89149,A,0,0.066774
0.4295,0.79456,A,0,0.163704
0.5606,0.88234,A,0,0.075924
0.0702,0.62355,A,0,0.334714
0.02,0.35371,C,1,0.604554
0.2,0.67632,C,1,0.281944
0.72,0.74974,C,1,0.208524
0.2,0.42393,C,1,0.534334
0.3,0.39823,C,1,0.560034
0.07,0.44864,C,1,0.509624
0.72,0.79671,C,1,0.161554
0.24,0.40099,C,1,0.557274
0.07,0.41629,C,1,0.541974
0.26,0.42645,C,1,0.531814
0.05,0.3968,C,1,0.561464
0.18,0.45936,C,1,0.498904
0.1,0.392,C,1,0.566264
0.2,0.39743,C,1,0.560834
0.58,0.76294,C,1,0.195324
0.25,0.44396,C,1,0.514304
0.42,0.53273,C,1,0.425534
0.22,0.42303,C,1,0.535234
0.13,0.42688,C,1,0.531384
0.08,0.39149,C,1,0.566774
0.05,0.38653,C,1,0.571734
0.25,0.39889,C,1,0.559374
0.07,0.39824,C,1,0.560024
0.05,0.39097,C,1,0.567294
0.06,0.36618,C,1,0.592084
0.09,0.45794,C,1,0.500324
0.05,0.41269,C,1,0.545574
0.05,0.44613,C,1,0.512134
0.05,0.3725,C,1,0.585764
0.06,0.38841,C,1,0.569854
0.05,0.39734,C,1,0.560924
0.11,0.40229,C,1,0.555974
0.33,0.66486,C,1,0.293404
0.53,0.69707,C,1,0.261194
0.05,0.4066,C,1,0.551664
0.15,0.40449,C,1,0.553774
0.05,0.38269,C,1,0.575574
0.06,0.38834,C,1,0.569924
0.41,0.59945,C,1,0.358814
0.54,0.69184,C,1,0.266424
0.08,0.38067,C,1,0.577594
0.19,0.37188,C,1,0.586384
0.18,0.39183,C,1,0.566434
0.1,0.40385,C,1,0.554414
0.42,0.70597,C,1,0.252294
0.06,0.4116,C,1,0.546664
0.06,0.39396,C,1,0.564304
1.6101,0.55411,C,1,0.404154
0.5801,0.43186,C,1,0.526404
0.25,0.44709,C,1,0.511174
0.05,0.42201,C,1,0.536254
0.5601,0.47205,C,1,0.486214
0.12,0.37081,C,1,0.587454
0.06,0.43029,C,1,0.527974
0.3699,0.43879,C,1,0.519474
0.8799,0.6308,C,1,0.327464
0.24,0.4247,C,1,0.533564
0.59,0.44377,C,1,0.514494
0.5,0.7179,C,1,0.240364
0.47,0.77461,C,1,0.183654
0.0799,0.37415,C,1,0.584114
0.38,0.75222,C,1,0.206044
0.1499,0.39917,C,1,0.559094
0.4499,0.47377,C,1,0.484494
0.65,0.43725,C,1,0.521014
0.1,0.37438,C,1,0.583884
0.4299,0.43175,C,1,0.526514
0.63,0.43236,C,1,0.525904
0.27,0.4516,C,1,0.506664
0.37,0.46982,C,1,0.488444
0.29,0.43148,C,1,0.526784
0.8901,0.47708,C,1,0.481184
0.0501,0.37266,C,1,0.585604
0.61,0.48109,C,1,0.477174
0.5599,0.43381,C,1,0.524454
0.0699,0.42113,C,1,0.537134
0.1102,0.46357,C,1,0.494694
0.57,0.43111,C,1,0.527154
0.7898,0.4354,C,1,0.522864
0.0601,0.38929,C,1,0.568974
0.5098,0.43501,C,1,0.523254
0.8599,0.45787,C,1,0.500394
0.0698,0.41558,C,1,0.542684
0.8202,0.49228,C,1,0.465984
0.6299,0.43063,C,1,0.527634
0.73,0.50493,C,1,0.453334
0.6799,0.50476,C,1,0.453504
0.9698,0.65798,C,1,0.300284
0.09,0.46233,C,1,0.495934
0.6799,0.45477,C,1,0.503494
0.9002,0.49858,C,1,0.459684
0.0699,0.38674,C,1,0.571524
0.0699,0.41003,C,1,0.548234
0.46,0.65617,C,1,0.302094
0.08,0.45379,C,1,0.504474
0.4098,0.48045,C,1,0.477814
0.45,0.44689,C,1,0.511374
0.06,0.3904,C,1,0.567864
0.5299,0.43001,C,1,0.528254
0.4698,0.46566,C,1,0.492604
0.0502,0.43892,C,1,0.519344
0.89,0.47872,C,1,0.479544
0.08,0.41449,C,1,0.543774
0.4702,0.46617,C,1,0.492094
0.5502,0.44258,C,1,0.515684
0.7399,0.74403,C,1,0.214234
0.4902,0.43323,C,1,0.525034
0.7802,0.50957,C,1,0.448694
0.73,0.45283,C,1,0.505434
0.3802,0.43692,C,1,0.521344
0.2196,0.48874,C,1,0.469524
0.0895,0.41355,C,1,0.544714
0.8195,0.46154,C,1,0.496724
0.1398,0.40028,C,1,0.557984
0.9793,0.86559,C,1,0.092674
0.6299,0.48053,C,1,0.477734
0.5293,0.40142,C,1,0.556844
0.2804,0.39631,C,1,0.561954
0.3705,0.45724,C,1,0.501024
0.0801,0.37587,C,1,0.582394
0.62,0.47754,C,1,0.480724
0.051,0.39308,C,1,0.565184
0.2405,0.43375,C,1,0.524514
0.0607,0.41117,C,1,0.547094
0.0497,0.40369,C,1,0.554574
0.0606,0.3795,C,1,0.578764
0.3498,0.4456,C,1,0.512664
0.7,0.46183,C,1,0.496434
0.1495,0.39794,C,1,0.560324
0.091,0.3785,C,1,0.579764
0.37,0.41433,C,1,0.543934
0.1005,0.39535,C,1,0.562914
0.5998,0.48837,C,1,0.469894
0.5302,0.46545,C,1,0.492814
0.9902,0.53422,C,1,0.424044
0.7,0.4344,C,1,0.523864
0.3605,0.39344,C,1,0.564824
0.7003,0.42086,C,1,0.537404
0.0598,0.39309,C,1,0.565174
1.1095,0.4595,C,1,0.498764
0.0996,0.38728,C,1,0.570984
0.711,0.49987,C,1,0.458394
0.069,0.43648,C,1,0.521784
0.051,0.37495,C,1,0.583314
0.051,0.40714,C,1,0.551124
0.3593,0.4304,C,1,0.527864
0.16,0.43481,C,1,0.523454
0.75,0.51442,C,1,0.443844
0.0497,0.38192,C,1,0.576344
0.8703,0.64163,C,1,0.316634
0.6205,0.60985,C,1,0.348414
0.0695,0.36846,C,1,0.589804
0.7189,0.44537,C,1,0.512894
0.5,0.42922,C,1,0.529044
0.0195,0.38202,T,2,0.576244
0.2295,0.79741,T,2,0.160854
0.2306,0.64162,T,2,0.316644
0.1106,0.62709,T,2,0.331174
0.159,0.68004,T,2,0.278224
0.0605,0.5411,T,2,0.417164
0.1396,0.56572,T,2,0.392544
0.1399,0.55357,T,2,0.404694
0.13,0.55944,T,2,0.398824
0.0702,0.52187,T,2,0.436394
0.08,0.57116,T,2,0.387104
0.1297,0.54945,T,2,0.408814
0.1205,0.5635,T,2,0.394764
0.1205,0.77603,T,2,0.182234
0.1102,0.49774,T,2,0.460524
0.08,0.52506,T,2,0.433204
0.0995,0.62605,T,2,0.332214
0.0995,0.46627,T,2,0.491994
0.0704,0.52372,T,2,0.434544
0.0606,0.63164,T,2,0.326624
0.0607,0.53618,T,2,0.422084
0.069,0.64418,T,2,0.314084
0.0803,0.53522,T,2,0.423044
0.08,0.55933,T,2,0.398934
0.1105,0.60634,T,2,0.351924
0.08,0.71187,T,2,0.246394
0.0598,0.55593,T,2,0.402334
0.08,0.61991,T,2,0.338354
0.0595,0.64708,T,2,0.311184
0.0607,0.45728,T,2,0.500984
0.0702,0.53098,T,2,0.427284
0.0693,0.4169,T,2,0.541364
0.0705,0.42984,T,2,0.528424
0.0595,0.41864,T,2,0.539624
0.1093,0.68005,T,2,0.278214
0.0998,0.50341,T,2,0.454854
0.1007,0.55853,T,2,0.399734
0.1102,0.5962,T,2,0.362064
0.08,0.66069,T,2,0.297574
0.1105,0.58253,T,2,0.375734
0.0702,0.52084,T,2,0.437424
0.0705,0.43494,T,2,0.523324
0.0705,0.4485,T,2,0.509764
0.2905,0.78234,T,2,0.175924
0.0594,0.48265,T,2,0.475614
0.13,0.59387,T,2,0.364394
0.0899,0.47,T,2,0.488264
0.1095,0.63198,T,2,0.326284
0.2295,0.57677,T,2,0.381494
0.1407,0.4857,T,2,0.472564
0.0606,0.43953,T,2,0.518734
0.1005,0.66678,T,2,0.291484
0.0594,0.49893,T,2,0.459334
0.1893,0.68221,T,2,0.276054
0.0995,0.61275,T,2,0.345514
0.1805,0.48664,T,2,0.471624
0.0595,0.47035,T,2,0.487914
0.0693,0.60864,T,2,0.349624
0.0607,0.43124,T,2,0.527024
0.0897,0.46341,T,2,0.494854
0.0594,0.52697,T,2,0.431294
0.0693,0.47584,T,2,0.482424
0.1205,0.66415,T,2,0.294114
0.0705,0.52651,T,2,0.431754
0.0701,0.56758,T,2,0.390684
0.0701,0.56309,T,2,0.395174
0.0899,0.53556,T,2,0.422704
0.0996,0.59802,T,2,0.360244
0.0593,0.39491,T,2,0.563354
0.109,0.68897,T,2,0.269294
0.079,0.55186,T,2,0.406404
0.1106,0.60759,T,2,0.350674
0.0605,0.57831,T,2,0.379954
0.0595,0.45348,T,2,0.504784
0.0704,0.48468,T,2,0.473584
0.0801,0.52393,T,2,0.434334
0.0801,0.6569,T,2,0.301364
0.0594,0.41029,T,2,0.547974
0.0801,0.62289,T,2,0.335374
0.0701,0.66884,T,2,0.289424
0.211,0.46912,T,2,0.489144
0.08,0.44431,T,2,0.513954
0.09,0.49203,T,2,0.466234
0.091,0.48875,T,2,0.469514
0.0702,0.49046,T,2,0.467804
0.0693,0.40573,T,2,0.552534
0.0897,0.72477,T,2,0.233494
0.0801,0.53205,T,2,0.426214
0.0598,0.49706,T,2,0.461204
0.0695,0.48545,T,2,0.472814
0.091,0.506,T,2,0.452264
0.0995,0.47733,T,2,0.480934
0.0693,0.44161,T,2,0.516654
0.0704,0.65395,T,2,0.304314
0.069,0.52752,T,2,0.430744
0.0895,0.47346,T,2,0.484804
0.1601,0.56894,T,2,0.389324
0.0702,0.55025,T,2,0.408014
0.1602,0.78837,T,2,0.169894
0.119,0.88994,T,2,0.068324
0.0598,0.43088,T,2,0.527384
0.1101,0.627,T,2,0.331264
0.0693,0.42927,T,2,0.528994
0.0594,0.54731,T,2,0.410954
0.0895,0.61198,T,2,0.346284
0.0608,0.42703,T,2,0.531234
0.619,0.47539,T,2,0.482874
0.1211,0.44135,T,2,0.516914
0.0995,0.44426,T,2,0.514004
0.17,0.72457,T,2,0.233694
0.2187,0.66701,T,2,0.291254
0.0805,0.47983,T,2,0.478434
0.1191,0.70118,T,2,0.257084
0.1092,0.62334,T,2,0.334924
0.1892,0.63059,T,2,0.327674
0.0919,0.48065,T,2,0.477614
0.17,0.62429,T,2,0.333974
0.09,0.53441,T,2,0.423854
0.0681,0.52935,T,2,0.428914
0.0585,0.39895,T,2,0.559314
0.0897,0.58791,T,2,0.370354
0.16,0.59127,T,2,0.366994
0.0608,0.55793,T,2,0.400334
0.08,0.49354,T,2,0.464724
0.1795,0.44528,T,2,0.512984
0.0608,0.43141,T,2,0.526854
0.0682,0.44106,T,2,0.517204
0.0995,0.53949,T,2,0.418774
0.0898,0.61538,T,2,0.342884
0.0604,0.53171,T,2,0.426554
0.07,0.49011,T,2,0.468154
0.0702,0.61627,T,2,0.341994
0.09,0.58569,T,2,0.372574
0.07,0.41646,T,2,0.541804
0.1014,0.58395,T,2,0.374314
0.0705,0.43471,T,2,0.523554
0.0603,0.49989,T,2,0.458374
0.0605,0.50657,T,2,0.451694
0.0608,0.55651,T,2,0.401754
0.0704,0.50787,T,2,0.450394
0.1093,0.96635,T,2,-0.008086
0.1309,0.92301,T,2,0.035254
0.0608,0.42601,T,2,0.532254
0.08,0.54369,T,2,0.414574
0.211,0.7199,T,2,0.238364
0.1505,0.74185,T,2,0.216414
0.1191,0.61211,T,2,0.346154
0.1093,0.48404,T,2,0.474224
0.0605,0.45891,T,2,0.499354
0.17,0.55114,T,2,0.407124
0.0703,0.4796,T,2,0.478664
0.1287,0.77198,T,2,0.186284
0.26,0.73675,T,2,0.221514
0.1795,0.50821,T,2,0.450054
0.2305,0.68016,T,2,0.278104
0.1719,0.60932,T,2,0.348944
0.131,0.44974,T,2,0.508524
0.09,0.50079,T,2,0.457474
0.0604,0.46145,T,2,0.496814
0.1819,0.49795,T,2,0.460314
0.1503,0.58389,T,2,0.374374
0.0997,0.49052,T,2,0.467744
0.0686,0.58838,T,2,0.369884
0.0997,0.4809,T,2,0.477364
0.1797,0.51738,T,2,0.440884
0.0781,0.42825,T,2,0.530014
0.0608,0.41677,T,2,0.541494
0.1797,0.74305,T,2,0.215214
0.16,0.5156,T,2,0.442664
0.0605,0.38919,T,2,0.569074
0.1115,0.66623,T,2,0.292034
0.0897,0.70787,T,2,0.250394
0.1601,0.85221,T,2,0.106054
0.17,0.46372,T,2,0.494544
0.131,0.78743,T,2,0.170834
0.1601,0.88804,T,2,0.070224
0.0605,0.51456,T,2,0.443704
0.0995,0.56308,T,2,0.395184
0.09,0.45972,T,2,0.498544
0.2382,0.72161,T,2,0.236654
0.209,0.65689,T,2,0.301374
0.0604,0.50165,T,2,0.456614
0.0703,0.59714,T,2,0.361124
0.1502,0.57637,T,2,0.381894
0.0705,0.59028,T,2,0.367984
0.0705,0.45974,T,2,0.498524
0.119,0.4034,T,2,0.554864
0.0682,0.40619,T,2,0.552074
0.0994,0.43887,T,2,0.519394
0.0995,0.41981,T,2,0.538454
0.199,0.4787,T,2,0.479564
0.16,0.48734,T,2,0.470924
0.0805,0.42341,T,2,0.534854
0.0997,0.53252,T,2,0.425744
0.0586,0.43832,T,2,0.519944
0.0686,0.52956,T,2,0.428704
0.1113,0.52952,T,2,0.428744
0.0606,0.39199,T,2,0.566274
0.121,0.45447,T,2,0.503794
0.1092,0.47634,T,2,0.481924
0.0702,0.39672,T,2,0.561544
0.0686,0.46709,T,2,0.491174
0.07,0.4352,T,2,0.523064
0.1407,0.46279,T,2,0.495474
0.0705,0.41019,T,2,0.548074
0.0585,0.44774,T,2,0.510524
0.07,0.47244,T,2,0.485824
0.0606,0.44839,T,2,0.509874
0.1113,0.5785,T,2,0.379764
0.0805,0.47062,T,2,0.487644
0.0705,0.48145,T,2,0.476814
0.0587,0.4241,T,2,0.534164
0.07,0.45593,T,2,0.502334
0.0606,0.45358,T,2,0.504684
0.1502,0.63001,T,2,0.328254
0.0705,0.44374,T,2,0.514524
0.0703,0.51382,T,2,0.444444
0.1503,0.50882,T,2,0.449444
0.0997,0.48592,T,2,0.472344
0.0604,0.44086,T,2,0.517404
0.0997,0.60427,T,2,0.353994
0.1503,0.67539,T,2,0.282874
0.3108,0.5758,T,2,0.382464
0.0702,0.46233,T,2,0.495934
0.0585,0.40999,T,2,0.548274
0.1193,0.60805,T,2,0.350214
0.0705,0.44852,T,2,0.509744
0.1504,0.49264,T,2,0.465624
0.2403,0.56593,T,2,0.392334
0.09,0.51291,T,2,0.445354
0.08,0.46617,T,2,0.492094
0.09,0.51881,T,2,0.439454
0.0607,0.51259,T,2,0.445674
0.0704,0.42463,T,2,0.533634
0.08,0.55711,T,2,0.401154
0.07,0.47368,T,2,0.484584
0.0585,0.46365,T,2,0.494614
0.0897,0.58512,T,2,0.373144
0.0681,0.51964,T,2,0.438624
0.0919,0.53707,T,2,0.421194
0.0605,0.52,T,2,0.438264
0.08,0.61605,T,2,0.342214
0.0781,0.4012,T,2,0.557064
0.0897,0.60965,T,2,0.348614
0.0608,0.48744,T,2,0.470824
0.289,0.63421,T,2,0.324054
0.0897,0.48277,T,2,0.475494
0.3085,0.66825,T,2,0.290014
0.0606,0.42047,T,2,0.537794
0.0585,0.40438,T,2,0.553884
0.09,0.43063,T,2,0.527634
0.0702,0.42637,T,2,0.531894
0.119,0.41198,T,2,0.546284
0.1408,0.52157,T,2,0.436694
0.0608,0.43765,T,2,0.520614
0.0605,0.44283,T,2,0.515434
0.0705,0.45649,T,2,0.501774
0.0705,0.43164,T,2,0.526624
0.09,0.41455,T,2,0.543714
0.0801,0.42942,T,2,0.528844
0.121,0.48113,T,2,0.477134
0.129,0.50845,T,2,0.449814
0.0998,0.42981,T,2,0.528454
0.2305,0.65365,T,2,0.304614
0.0996,0.57342,T,2,0.384844
0.0605,0.47583,T,2,0.482434
0.129,0.48879,T,2,0.469474
0.0585,0.38967,T,2,0.568594
0.1896,0.5644,T,2,0.393864
0.1309,0.57407,T,2,0.384194
0.0585,0.46308,T,2,0.495184
0.1697,0.47379,T,2,0.484474
0.1018,0.51974,T,2,0.438524
0.1795,0.55877,T,2,0.399494
0.0586,0.41008,T,2,0.548184
0.0705,0.4848,T,2,0.473464
0.129,0.62866,T,2,0.329604
0.0585,0.46636,T,2,0.491904
0.0703,0.41246,T,2,0.545804
0.0996,0.42787,T,2,0.530394
0.1092,0.49097,T,2,0.467294
0.08,0.43366,T,2,0.524604
0.0603,0.41961,T,2,0.538654
0.0705,0.43094,T,2,0.527324
0.0705,0.47638,T,2,0.481884
0.08,0.44753,T,2,0.510734
0.0702,0.54183,T,2,0.416434
0.0704,0.47681,T,2,0.481454
0.0998,0.49675,T,2,0.461514
0.121,0.50192,T,2,0.456344
0.1818,0.55459,T,2,0.403674
0.0587,0.392,T,2,0.566264
0.0705,0.38947,T,2,0.568794
0.0606,0.48048,T,2,0.477784
0.08,0.49949,T,2,0.458774
0.0705,0.46685,T,2,0.491414
0.0605,0.48606,T,2,0.472204
0.0897,0.43995,T,2,0.518314
0.0607,0.49253,T,2,0.465734
0.1095,0.50505,T,2,0.453214
0.09,0.53264,T,2,0.425624
0.0608,0.45723,T,2,0.501034
0.0604,0.47866,T,2,0.479604
0.09,0.42514,T,2,0.533124
0.0605,0.41527,T,2,0.542994
0.1385,0.65919,T,2,0.299074
0.0605,0.42649,T,2,0.531774
0.0607,0.431,T,2,0.527264
0.0607,0.50628,T,2,0.451984
0.0586,0.42847,T,2,0.529794
0.08,0.4252,T,2,0.533064
0.0587,0.51694,T,2,0.441324
0.0801,0.44961,T,2,0.508654
0.0897,0.44246,T,2,0.515804
0.07,0.48138,T,2,0.476884
0.0801,0.59525,T,2,0.363014
0.0608,0.52346,T,2,0.434804
0.0604,0.57997,T,2,0.378294
0.2795,0.54492,T,2,0.413344
0.119,0.49104,T,2,0.467224
0.0603,0.42407,T,2,0.534194
0.0587,0.50688,T,2,0.451384
0.0604,0.53002,T,2,0.428244
0.08,0.53365,T,2,0.424614
0.0605,0.42945,T,2,0.528814
0.0704,0.42465,T,2,0.533614
0.1408,0.6188,T,2,0.339464
0.0895,0.46912,T,2,0.489144
0.209,0.57304,T,2,0.385224
0.0607,0.44963,T,2,0.508634
0.1407,0.51986,T,2,0.438404
0.0682,0.41792,T,2,0.540344
0.2208,0.55985,T,2,0.398414
0.0705,0.54539,T,2,0.412874
0.08,0.52301,T,2,0.435254
0.0586,0.50576,T,2,0.452504
0.0899,0.54169,T,2,0.416574
0.0605,0.51682,T,2,0.441444
0.0705,0.49368,T,2,0.464584
0.0586,0.38815,T,2,0.570114
0.0607,0.40518,T,2,0.553084
0.1092,0.42672,T,2,0.531544
0.1093,0.56113,T,2,0.397134
0.0704,0.50822,T,2,0.450044
0.0604,0.50899,T,2,0.449274
0.0995,0.5205,T,2,0.437764
0.0995,0.55599,T,2,0.402274
0.1387,0.50942,T,2,0.448844
0.2307,0.72042,T,2,0.237844
0.1018,0.56625,T,2,0.392014
0.1094,0.50637,T,2,0.451894
0.09,0.49024,T,2,0.468024
0.111,0.44176,T,2,0.516504
0.0898,0.46312,T,2,0.495144
0.0606,0.47195,T,2,0.486314
2.369,1.51649,T,2,-0.558226
5.1603,0.76782,T,2,0.190444
0.07,0.42207,T,2,0.536194
0.289,0.46931,T,2,0.488954
0.3105,0.4257,T,2,0.532564
0.1096,0.42813,T,2,0.530134
0.09,0.38837,T,2,0.569894
0.0805,0.43637,T,2,0.521894
0.629,0.43382,T,2,0.524444
0.1113,0.46572,T,2,0.492544
0.9003,0.47877,T,2,0.479494
0.67,0.44962,T,2,0.508644
0.0608,0.47137,T,2,0.486894
0.0586,0.39876,T,2,0.559504
0.08,0.43144,T,2,0.526824
0.0994,0.49048,T,2,0.467784
0.1309,0.66811,T,2,0.290154
0.0703,0.51324,T,2,0.445024
0.0682,0.53575,T,2,0.422514
0.09,0.55945,T,2,0.398814
0.0608,0.46142,T,2,0.496844
0.09,0.5789,T,2,0.379364
0.0507,0.55655,T,2,0.401714
0.0996,0.522,T,2,0.436264
0.0585,0.48214,T,2,0.476124
0.0703,0.54994,T,2,0.408324
0.0605,0.52288,T,2,0.435384
0.0587,0.39151,T,2,0.566754
0.0919,0.45416,T,2,0.504104
0.0899,0.53745,T,2,0.420814
0.0704,0.44739,T,2,0.510874
0.0705,0.47447,T,2,0.483794
0.1405,0.55843,T,2,0.399834
0.129,0.50444,T,2,0.453824
0.0899,0.51204,T,2,0.446224
0.08,0.51884,T,2,0.439424
0.09,0.5163,T,2,0.441964
0.2303,0.41679,T,2,0.541474
0.4298,0.5285,T,2,0.429764
0.1092,0.42615,T,2,0.532114
0.8695,0.51068,T,2,0.447584
0.0996,0.51064,T,2,0.447624
0.1113,0.47499,T,2,0.483274
0.0585,0.46004,T,2,0.498224
0.0995,0.53051,T,2,0.427754
0.0705,0.47041,T,2,0.487854
0.0997,0.51161,T,2,0.446654
0.1014,0.57138,T,2,0.386884
0.1503,0.53073,T,2,0.427534
0.0805,0.42469,T,2,0.533574
0.0897,0.55273,T,2,0.405534
0.1289,0.52077,T,2,0.437494
0.1018,0.46438,T,2,0.493884
0.09,0.45547,T,2,0.502794
0.0995,0.47523,T,2,0.483034
0.0998,0.49287,T,2,0.465394
0.0897,0.47301,T,2,0.485254
0.0606,0.39322,T,2,0.565044
0.08,0.48103,T,2,0.477234
0.0704,0.45639,T,2,0.501874
0.0705,0.47844,T,2,0.479824
0.0703,0.46333,T,2,0.494934
0.0682,0.51264,T,2,0.445624
0.08,0.51577,T,2,0.442494
0.0803,0.44979,T,2,0.508474
0.0585,0.50803,T,2,0.450234
0.08,0.52098,T,2,0.437284
0.0801,0.4465,T,2,0.511764
0.1092,0.52312,T,2,0.435144
0.08,0.46865,T,2,0.489614
0.0705,0.44092,T,2,0.517344
0.0702,0.45548,T,2,0.502784
0.0805,0.47524,T,2,0.483024
0.0899,0.44448,T,2,0.513784
0.08,0.56735,T,2,0.390914
0.0803,0.51608,T,2,0.442184
0.0801,0.51097,T,2,0.447294
0.08,0.53323,T,2,0.425034
0.08,0.58089,T,2,0.377374
0.0995,0.50682,T,2,0.451444
0.1092,0.50906,T,2,0.449204
0.131,0.47941,T,2,0.478854
0.0702,0.43093,T,2,0.527334
0.0899,0.51968,T,2,0.438584
0.09,0.50155,T,2,0.456714
0.1405,0.53146,T,2,0.426804
0.09,0.46735,T,2,0.490914
0.1095,0.58713,T,2,0.371134
0.0585,0.44722,T,2,0.511044
0.0897,0.52613,T,2,0.432134
0.08,0.53207,T,2,0.426194
0.1114,0.47077,T,2,0.487494
0.09,0.48852,T,2,0.469744
0.1014,0.44008,T,2,0.518184
0.0997,0.48254,T,2,0.475724
0.0705,0.45065,T,2,0.507614
0.0997,0.43954,T,2,0.518724
0.0919,0.53322,T,2,0.425044
0.0702,0.44388,T,2,0.514384
0.1096,0.47627,T,2,0.481994
0.0686,0.49882,T,2,0.459444
0.119,0.489,T,2,0.469264
0.08,0.4033,T,2,0.554964
0.1015,0.4428,T,2,0.515464
0.09,0.52392,T,2,0.434344
0.0899,0.44438,T,2,0.513884
0.1115,0.50849,T,2,0.449774
0.1095,0.47696,T,2,0.481304
0.1095,0.56637,T,2,0.391894
0.1018,0.48608,T,2,0.472184
0.0703,0.46764,T,2,0.490624
0.1014,0.48089,T,2,0.477374
0.0605,0.54442,T,2,0.413844
0.0704,0.42356,T,2,0.534704
0.1095,0.50819,T,2,0.450074
0.08,0.43599,T,2,0.522274
0.1095,0.50967,T,2,0.448594
0.08,0.51315,T,2,0.445114
0.0994,0.46314,T,2,0.495124
0.0682,0.45072,T,2,0.507544
0.0703,0.49533,T,2,0.462934
0.09,0.48723,T,2,0.471034
0.0608,0.50573,T,2,0.452534
0.121,0.56328,T,2,0.394984
0.09,0.53535,T,2,0.422914
0.16,0.52331,T,2,0.434954
0.1014,0.45555,T,2,0.502714
0.1191,0.56768,T,2,0.390584
0.1096,0.50858,T,2,0.449684
0.121,0.56659,T,2,0.391674
0.1305,0.57711,T,2,0.381154
0.129,0.5144,T,2,0.443864
0.1408,0.50212,T,2,0.456144
0.0702,0.47104,T,2,0.487224
0.0897,0.52471,T,2,0.433554
0.129,0.55823,T,2,0.400034
0.0686,0.52827,T,2,0.429994
0.139,0.50295,T,2,0.455314
0.08,0.47094,T,2,0.487324
0.121,0.51873,T,2,0.439534
0.1309,0.53533,T,2,0.422934
0.1096,0.48874,T,2,0.469524
0.0702,0.49043,T,2,0.467834
0.0895,0.53707,T,2,0.421194
0.129,0.49865,T,2,0.459614
0.0705,0.47495,T,2,0.483314
0.0703,0.49529,T,2,0.462974
0.1213,0.48413,T,2,0.474134
0.1092,0.49777,T,2,0.460494
0.1195,0.46334,T,2,0.494924
0.0995,0.50281,T,2,0.455454
0.09,0.46261,T,2,0.495654
0.1309,0.4887,T,2,0.469564
0.131,0.59924,T,2,0.359024
0.0895,0.53157,T,2,0.426694
0.0705,0.47882,T,2,0.479444
0.08,0.45604,T,2,0.502224
0.09,0.56039,T,2,0.397874
0.1405,0.50381,T,2,0.454454
0.09,0.4543,T,2,0.503964
0.0996,0.52316,T,2,0.435104
0.0702,0.49378,T,2,0.464484
0.1486,0.66063,T,2,0.297634
0.1191,0.60199,T,2,0.356274
0.1309,0.54611,T,2,0.412154
0.1287,0.57636,T,2,0.381904
0.1485,0.57778,T,2,0.380484
0.1504,0.6474,T,2,0.310864
0.0995,0.67299,T,2,0.285274
0.1095,0.62876,T,2,0.329504
0.129,0.64471,T,2,0.313554
0.0608,0.43635,T,2,0.521914
0.08,0.50249,T,2,0.455774
0.08,0.46273,T,2,0.495534
0.0702,0.50595,T,2,0.452314
0.0704,0.46787,T,2,0.490394
0.08,0.45913,T,2,0.499134
0.0895,0.45592,T,2,0.502344
0.0897,0.60975,T,2,0.348514
0.08,0.48002,T,2,0.478244
0.0585,0.43798,T,2,0.520284
0.0995,0.49177,T,2,0.466494
0.0997,0.52099,T,2,0.437274
0.0681,0.5569,T,2,0.401364
0.1095,0.52819,T,2,0.430074
0.09,0.60759,T,2,0.350674
0.08,0.47422,T,2,0.484044
0.0996,0.52461,T,2,0.433654
0.09,0.51721,T,2,0.441054
0.0603,0.46971,T,2,0.488554
0.0605,0.45892,T,2,0.499344
0.0605,0.52104,T,2,0.437224
0.0587,0.53435,T,2,0.423914
0.0585,0.41387,T,2,0.544394
0.0604,0.40551,T,2,0.552754
0.0705,0.49223,T,2,0.466034
0.1385,0.49207,T,2,0.466194
0.7303,0.45962,T,2,0.498644
0.07,0.49424,T,2,0.464024
0.1114,0.55526,T,2,0.403004
0.1605,0.569,T,2,0.389264
0.1014,0.55383,T,2,0.404434
0.0997,0.55893,T,2,0.399334
0.0586,0.43911,T,2,0.519154
0.1115,0.53002,T,2,0.428244
0.16,0.56766,T,2,0.390604
0.1191,0.49763,T,2,0.460634
0.0997,0.55304,T,2,0.405224
0.0998,0.47875,T,2,0.479514
0.08,0.4883,T,2,0.469964
0.0705,0.59187,T,2,0.366394
0.08,0.48236,T,2,0.475904
0.08,0.51448,T,2,0.443784
0.1285,0.60678,T,2,0.351484
0.0995,0.60699,T,2,0.351274
0.09,0.49827,T,2,0.459994
0.09,0.46599,T,2,0.492274
0.09,0.53888,T,2,0.419384
0.1014,0.63531,T,2,0.322954
0.1503,0.58454,T,2,0.373724
0.129,0.52364,T,2,0.434624
0.121,0.58152,T,2,0.376744
0.16,0.56665,T,2,0.391614
0.0897,0.46873,T,2,0.489534
0.1115,0.6434,T,2,0.314864
0.1482,0.69349,T,2,0.264774
0.0895,0.48671,T,2,0.471554
0.129,0.68997,T,2,0.268294
0.17,0.63902,T,2,0.319244
0.1287,0.66121,T,2,0.297054
0.1798,0.63036,T,2,0.327904
0.1092,0.56382,T,2,0.394444
0.0997,0.56987,T,2,0.388394
0.1195,0.55164,T,2,0.406624
0.1309,0.66328,T,2,0.294984
0.0998,0.46974,T,2,0.488524
0.121,0.59932,T,2,0.358944
0.0701,0.4761,T,2,0.482164
0.1505,0.61502,T,2,0.343244
0.09,0.50068,T,2,0.457584
0.1408,0.57632,T,2,0.381944
0.1092,0.50955,T,2,0.448714
0.1505,0.59261,T,2,0.365654
0.1896,0.62379,T,2,0.334474
0.1603,0.546,T,2,0.412264
0.1014,0.56248,T,2,0.395784
0.16,0.65463,T,2,0.303634
0.1603,0.56803,T,2,0.390234
0.1408,0.64995,T,2,0.308314
0.17,0.59986,T,2,0.358404
0.0585,0.49357,T,2,0.464694
0.1799,0.56213,T,2,0.396134
0.17,0.55886,T,2,0.399404
0.0995,0.50249,T,2,0.455774
0.1014,0.52537,T,2,0.432894
0.1407,0.65707,T,2,0.301194
0.1603,0.67377,T,2,0.284494
0.09,0.53898,T,2,0.419284
0.0998,0.63546,T,2,0.322804
0.1892,0.5976,T,2,0.360664
0.1115,0.52249,T,2,0.435774
0.1505,0.65844,T,2,0.299824
0.0997,0.53584,T,2,0.422424
0.1695,0.66274,T,2,0.295524
0.209,0.64529,T,2,0.312974
0.16,0.66151,T,2,0.296754
0.1697,0.62286,T,2,0.335404
0.1505,0.55045,T,2,0.407814
0.1798,0.61371,T,2,0.344554
0.1506,0.6363,T,2,0.321964
0.1504,0.65942,T,2,0.298844
0.1605,0.58617,T,2,0.372094
0.1795,0.59189,T,2,0.366374
0.17,0.73154,T,2,0.226724
0.24,0.78369,T,2,0.174574
0.1914,0.67285,T,2,0.285414
0.2286,0.64856,T,2,0.309704
0.16,0.55188,T,2,0.406384
0.1504,0.64885,T,2,0.309414
0.1818,0.63961,T,2,0.318654
0.1814,0.68928,T,2,0.268984
0.129,0.61163,T,2,0.346634
0.1992,0.69243,T,2,0.265834
0.17,0.64284,T,2,0.315424
0.1505,0.72239,T,2,0.235874
0.1605,0.63009,T,2,0.328174
0.131,0.62071,T,2,0.337554
0.111,0.55691,T,2,0.401354
0.1289,0.56216,T,2,0.396104
0.1191,0.57887,T,2,0.379394
0.1503,0.65802,T,2,0.300244
0.16,0.62207,T,2,0.336194
0.1503,0.5769,T,2,0.381364
0.119,0.5143,T,2,0.443964
0.1409,0.53224,T,2,0.426024
0.1605,0.52944,T,2,0.428824
0.16,0.59154,T,2,0.366724
0.0998,0.54702,T,2,0.411244
0.1191,0.50275,T,2,0.455514
0.129,0.53407,T,2,0.424194
0.1015,0.59715,T,2,0.361114
0.119,0.55437,T,2,0.403894
0.1115,0.52319,T,2,0.435074
0.1211,0.66071,T,2,0.297554
0.16,0.61428,T,2,0.343984
0.1195,0.52589,T,2,0.432374
0.1193,0.49088,T,2,0.467384
0.1404,0.5698,T,2,0.388464
0.1409,0.60755,T,2,0.350714
0.18,0.62881,T,2,0.329454
0.1387,0.59346,T,2,0.364804
0.1504,0.6746,T,2,0.283664
0.1699,0.61415,T,2,0.344114
0.129,0.56903,T,2,0.389234
0.0995,0.56479,T,2,0.393474
0.131,0.66611,T,2,0.292154
0.1797,0.71487,T,2,0.243394
0.17,0.71244,T,2,0.245824
0.1191,0.59032,T,2,0.367944
0.121,0.56945,T,2,0.388814
0.1211,0.59842,T,2,0.359844
0.1092,0.60738,T,2,0.350884
0.1408,0.63987,T,2,0.318394
0.1092,0.54219,T,2,0.416074
0.121,0.63172,T,2,0.326544
0.129,0.59189,T,2,0.366374
0.1795,0.71504,T,2,0.243224
0.1503,0.71876,T,2,0.239504
0.0995,0.56142,T,2,0.396844
0.08,0.56049,T,2,0.397774
0.0585,0.45381,T,2,0.504454
0.0704,0.5163,T,2,0.441964
0.08,0.58162,T,2,0.376644
0.1697,0.47207,T,2,0.486194
0.1114,0.41168,T,2,0.546584
0.0895,0.53046,T,2,0.427804
0.0998,0.59452,T,2,0.363744
0.1506,0.60507,T,2,0.353194
0.1408,0.59,T,2,0.368264
0.139,0.55708,T,2,0.401184
0.17,0.5464,T,2,0.411864
0.1307,0.59797,T,2,0.360294
0.199,0.6581,T,2,0.300164
0.129,0.57569,T,2,0.382574
0.1603,0.55063,T,2,0.407634
0.1892,0.64312,T,2,0.315144
0.1605,0.55957,T,2,0.398694
0.1486,0.57004,T,2,0.388224
0.1797,0.59019,T,2,0.368074
0.2304,0.69342,T,2,0.264844
0.1798,0.59942,T,2,0.358844
0.09,0.47282,T,2,0.485444
0.1092,0.59472,T,2,0.363544
0.1603,0.58361,T,2,0.374654
0.17,0.62825,T,2,0.330014
0.1895,0.66146,T,2,0.296804
0.1289,0.61543,T,2,0.342834
0.0995,0.54621,T,2,0.412054
0.129,0.64468,T,2,0.313584
0.07,0.58638,T,2,0.371884
0.08,0.553,T,2,0.405264
0.1093,0.57122,T,2,0.387044
0.0586,0.40243,T,2,0.555834
0.0702,0.4178,T,2,0.540464
0.0899,0.58372,T,2,0.374544
0.08,0.7631,T,2,0.195164
0.0996,0.5404,T,2,0.417864
0.07,0.64062,T,2,0.317644
0.1309,0.6488,T,2,0.309464
0.129,0.63667,T,2,0.321594
0.0681,0.57881,T,2,0.379454
0.121,0.65923,T,2,0.299034
0.1409,0.59167,T,2,0.366594
0.0703,0.60227,T,2,0.355994
0.0997,0.57513,T,2,0.383134
0.17,0.63966,T,2,0.318604
0.17,0.76775,T,2,0.190514
0.08,0.51641,T,2,0.441854
0.129,0.62944,T,2,0.328824
0.0995,0.5322,T,2,0.426064
0.1409,0.55263,T,2,0.405634
0.1193,0.58445,T,2,0.373814
0.1387,0.61086,T,2,0.347404
0.1407,0.60621,T,2,0.352054
0.1211,0.60129,T,2,0.356974
0.139,0.60279,T,2,0.355474
0.17,0.65918,T,2,0.299084
0.1818,0.63343,T,2,0.324834
0.1991,0.71412,T,2,0.244144
0.1915,0.69796,T,2,0.260304
0.129,0.66813,T,2,0.290134
0.1387,0.57888,T,2,0.379384
0.1699,0.60252,T,2,0.355744
0.1505,0.60523,T,2,0.353034
0.17,0.68586,T,2,0.272404
0.1603,0.66097,T,2,0.297294
0.1409,0.63407,T,2,0.324194
0.1914,0.70131,T,2,0.256954
0.1898,0.7403,T,2,0.217964
0.1797,0.7348,T,2,0.223464
0.1913,0.70341,T,2,0.254854
0.131,0.66399,T,2,0.294274
0.1797,0.66372,T,2,0.294544
0.1095,0.53806,T,2,0.420204
0.1015,0.55809,T,2,0.400174
0.1211,0.57179,T,2,0.386474
0.1115,0.57185,T,2,0.386414
0.1193,0.68443,T,2,0.273834
0.1092,0.52838,T,2,0.429884
0.1195,0.54861,T,2,0.409654
0.1504,0.57732,T,2,0.380944
0.0587,0.55867,T,2,0.399594
0.131,0.52231,T,2,0.435954
0.1195,0.54313,T,2,0.415134
0.1096,0.58965,T,2,0.368614
0.1114,0.53538,T,2,0.422884
0.1092,0.52703,T,2,0.431234
0.0995,0.45148,T,2,0.506784
0.0995,0.58064,T,2,0.377624
0.0585,0.46796,T,2,0.490304
0.0995,0.48114,T,2,0.477124
0.1095,0.54926,T,2,0.409004
0.1305,0.60382,T,2,0.354444
0.09,0.55929,T,2,0.398974
0.1503,0.6369,T,2,0.321364
0.0895,0.49548,T,2,0.462784
0.1114,0.45374,T,2,0.504524
0.131,0.56548,T,2,0.392784
0.119,0.54736,T,2,0.410904
0.1601,0.60292,T,2,0.355344
0.1505,0.60851,T,2,0.349754
0.1404,0.52833,T,2,0.429934
0.17,0.55554,T,2,0.402724
0.1018,0.54094,T,2,0.417324
0.1486,0.59436,T,2,0.363904
0.0703,0.60645,T,2,0.351814
0.1601,0.60501,T,2,0.353254
0.129,0.66279,T,2,0.295474
0.1796,0.60996,T,2,0.348304
0.2013,0.70844,T,2,0.249824
0.1505,0.65673,T,2,0.301534
0.1409,0.60202,T,2,0.356244
0.121,0.62991,T,2,0.328354
0.0995,0.50731,T,2,0.450954
0.17,0.63704,T,2,0.321224
0.1505,0.62326,T,2,0.335004
0.121,0.57235,T,2,0.385914
0.1307,0.60452,T,2,0.353744
0.1797,0.63038,T,2,0.327884
0.1797,0.65349,T,2,0.304774
0.1601,0.58164,T,2,0.376624
0.1191,0.60663,T,2,0.351634
0.16,0.57969,T,2,0.378574
0.1386,0.62558,T,2,0.332684
0.1605,0.55807,T,2,0.400194
0.121,0.53602,T,2,0.422244
0.1408,0.56174,T,2,0.396524
0.131,0.65704,T,2,0.301224
0.1093,0.66974,T,2,0.288524
0.1211,0.61295,T,2,0.345314
0.1503,0.64279,T,2,0.315474
0.1387,0.5791,T,2,0.379164
0.1408,0.64451,T,2,0.313754
0.1504,0.65457,T,2,0.303694
0.131,0.65336,T,2,0.304904
0.1503,0.68611,T,2,0.272154
0.1387,0.6148,T,2,0.343464
0.1409,0.62585,T,2,0.332414
0.1385,0.61643,T,2,0.341834
0.16,0.64911,T,2,0.309154
0.0997,0.60266,T,2,0.355604
0.1915,0.66432,T,2,0.293944
0.129,0.62583,T,2,0.332434
0.1798,0.65603,T,2,0.302234
0.2013,0.6195,T,2,0.338764
0.1482,0.67284,T,2,0.285424
0.17,0.77629,T,2,0.181974
0.1992,0.66575,T,2,0.292514
0.1409,0.67115,T,2,0.287114
0.1605,0.68145,T,2,0.276814
0.1795,0.70759,T,2,0.250674
0.1095,0.537,T,2,0.421264
0.1505,0.58867,T,2,0.369594
0.1115,0.58425,T,2,0.374014
0.1386,0.60047,T,2,0.357794
0.08,0.41694,T,2,0.541324
0.1601,0.53214,T,2,0.426124
0.119,0.51201,T,2,0.446254
0.0705,0.51199,T,2,0.446274
0.0899,0.52655,T,2,0.431714
0.1096,0.539,T,2,0.419264
0.1407,0.58407,T,2,0.374194
0.0997,0.58794,T,2,0.370324
0.1408,0.57578,T,2,0.382484
0.139,0.57445,T,2,0.383814
0.131,0.55003,T,2,0.408234
0.1699,0.64571,T,2,0.312554
0.16,0.67707,T,2,0.281194
0.1385,0.5871,T,2,0.371164
0.1014,0.57425,T,2,0.384014
0.0995,0.65516,T,2,0.303104
0.1719,0.58016,T,2,0.378104
0.1387,0.58822,T,2,0.370044
0.1697,0.64578,T,2,0.312484
0.129,0.71979,T,2,0.238474
0.17,0.72487,T,2,0.233394
0.1505,0.6566,T,2,0.301664
0.16,0.61,T,2,0.348264
0.17,0.71691,T,2,0.241354
0.17,0.67562,T,2,0.282644
0.1602,0.64047,T,2,0.317794
0.1795,0.70897,T,2,0.249294
0.131,0.67653,T,2,0.281734
0.16,0.66798,T,2,0.290284
0.1506,0.72566,T,2,0.232604
0.119,0.6684,T,2,0.289864
0.129,0.69394,T,2,0.264324
0.119,0.55861,T,2,0.399654
0.0606,0.41286,T,2,0.545404
0.0587,0.5342,T,2,0.424064
0.0995,0.40225,T,2,0.556014
0.08,0.50863,T,2,0.449634
0.0995,0.45827,T,2,0.499994
0.1095,0.44708,T,2,0.511184
0.2208,0.42372,T,2,0.534544
0.201,0.42505,T,2,0.533214
0.3904,0.56839,T,2,0.389874
0.0895,0.49011,T,2,0.468154
0.0704,0.46886,T,2,0.489404
0.08,0.52399,T,2,0.434274
0.0805,0.45056,T,2,0.507704
0.0602,0.50905,T,2,0.449214
0.0995,0.49507,T,2,0.463194
0.0919,0.51221,T,2,0.446054
0.0703,0.53317,T,2,0.425094
0.1095,0.45234,T,2,0.505924
0.08,0.54456,T,2,0.413704
0.0703,0.45785,T,2,0.500414
0.1385,0.60749,T,2,0.350774
0.119,0.56047,T,2,0.397794
0.0895,0.50881,T,2,0.449454
0.09,0.56202,T,2,0.396244
0.16,0.58933,T,2,0.368934
0.0604,0.4414,T,2,0.516864
0.0682,0.51294,T,2,0.445324
0.08,0.52225,T,2,0.436014
0.1193,0.53994,T,2,0.418324
0.0681,0.50327,T,2,0.454994
0.0998,0.53713,T,2,0.421134
0.0605,0.51826,T,2,0.440004
0.1095,0.54374,T,2,0.414524
0.0703,0.45088,T,2,0.507384
0.0605,0.47828,T,2,0.479984
0.0997,0.4508,T,2,0.507464
0.0898,0.48812,T,2,0.470144
0.1408,0.58934,T,2,0.368924
0.0899,0.57248,T,2,0.385784
0.1115,0.57986,T,2,0.378404
0.0605,0.52539,T,2,0.432874
0.0897,0.52857,T,2,0.429694
0.0705,0.51263,T,2,0.445634
0.0998,0.50628,T,2,0.451984
0.1195,0.46966,T,2,0.488604
0.1014,0.52412,T,2,0.434144
0.1213,0.48428,T,2,0.473984
0.0705,0.48402,T,2,0.474244
0.0606,0.45716,T,2,0.501104
0.0604,0.52319,T,2,0.435074
0.1309,0.59384,T,2,0.364424
0.0605,0.42723,T,2,0.531034
0.1387,0.50834,T,2,0.449924
0.09,0.50772,T,2,0.450544
0.0895,0.51587,T,2,0.442394
0.0899,0.49026,T,2,0.468004
0.1115,0.52173,T,2,0.436534
0.0585,0.47481,T,2,0.483454
0.08,0.42238,T,2,0.535884
0.1191,0.51363,T,2,0.444634
0.0801,0.45094,T,2,0.507324
0.0899,0.47317,T,2,0.485094
0.0586,0.46821,T,2,0.490054
0.0585,0.49623,T,2,0.462034
0.0587,0.47139,T,2,0.486874
0.0994,0.43655,T,2,0.521714
0.08,0.51202,T,2,0.446244
0.09,0.47189,T,2,0.486374
0.0897,0.40409,T,2,0.554174
0.1193,0.49923,T,2,0.459034
0.0703,0.43154,T,2,0.526724
0.0703,0.41008,T,2,0.548184
0.1018,0.5166,T,2,0.441664
0.08,0.51564,T,2,0.442624
0.1092,0.58017,T,2,0.378094
0.0704,0.48958,T,2,0.468684
0.1095,0.51432,T,2,0.443944
0.1289,0.5119,T,2,0.446364
0.1191,0.59462,T,2,0.363644
0.1191,0.5199,T,2,0.438364
0.121,0.49967,T,2,0.458594
0.119,0.4762,T,2,0.482064
0.1093,0.59442,T,2,0.363844
0.08,0.46496,T,2,0.493304
0.0995,0.55684,T,2,0.401424
0.1309,0.51322,T,2,0.445044
0.0801,0.53158,T,2,0.426684
0.09,0.44449,T,2,0.513774
0.1408,0.51233,T,2,0.445934
0.129,0.5116,T,2,0.446664
0.1115,0.42849,T,2,0.529774
0.0803,0.49384,T,2,0.464424
0.0702,0.38924,T,2,0.569024
0.1405,0.51295,T,2,0.445314
0.09,0.43333,T,2,0.524934
0.08,0.54626,T,2,0.412004
0.0996,0.46128,T,2,0.496984
0.1114,0.48927,T,2,0.468994
0.08,0.47895,T,2,0.479314
0.121,0.51856,T,2,0.439704
0.1115,0.48268,T,2,0.475584
0.0585,0.45236,T,2,0.505904
0.0919,0.55948,T,2,0.398784
0.121,0.52376,T,2,0.434504
0.131,0.49453,T,2,0.463734
0.0897,0.55424,T,2,0.404024
0.1504,0.57119,T,2,0.387074
0.0705,0.50745,T,2,0.450814
0.1502,0.55041,T,2,0.407854
0.1581,0.49837,T,2,0.459894
0.119,0.59635,T,2,0.361914
0.1309,0.54085,T,2,0.417414
0.1096,0.48546,T,2,0.472804
0.129,0.54576,T,2,0.412504
0.1798,0.65147,T,2,0.306794
0.1506,0.61922,T,2,0.339044
0.131,0.62705,T,2,0.331214
0.0998,0.55813,T,2,0.400134
0.129,0.67346,T,2,0.284804
0.1603,0.64271,T,2,0.315554
0.129,0.59538,T,2,0.362884
0.1603,0.68467,T,2,0.273594
0.129,0.56305,T,2,0.395214
0.1406,0.58414,T,2,0.374124
0.1405,0.57415,T,2,0.384114
0.1092,0.6084,T,2,0.349864
0.08,0.46931,T,2,0.488954
0.0897,0.58642,T,2,0.371844
0.0998,0.58063,T,2,0.377634
0.121,0.53897,T,2,0.419294
0.0605,0.4949,T,2,0.463364
0.1211,0.55559,T,2,0.402674
0.129,0.56069,T,2,0.397574
0.121,0.5798,T,2,0.378464
0.1092,0.52579,T,2,0.432474
0.1408,0.6,T,2,0.358264
0.1405,0.59985,T,2,0.358414
0.0703,0.49529,T,2,0.462974
0.0898,0.58083,T,2,0.377434
0.1093,0.61515,T,2,0.343114
0.131,0.57059,T,2,0.387674
0.1505,0.5531,T,2,0.405164
0.1795,0.64172,T,2,0.316544
0.131,0.50548,T,2,0.452784
0.17,0.5962,T,2,0.362064
0.121,0.5471,T,2,0.411164
0.08,0.64868,T,2,0.309584
0.1407,0.61399,T,2,0.344274
0.1408,0.50803,T,2,0.450234
0.1014,0.55405,T,2,0.404214
0.129,0.61258,T,2,0.345684
0.0995,0.6017,T,2,0.356564
0.129,0.56795,T,2,0.390314
0.1307,0.62628,T,2,0.331984
0.1407,0.53036,T,2,0.427904
0.08,0.50637,T,2,0.451894
0.131,0.56213,T,2,0.396134
0.0801,0.49806,T,2,0.460204
0.1114,0.6108,T,2,0.347464
0.1093,0.65063,T,2,0.307634
0.18,0.5995,T,2,0.358764
0.1405,0.5746,T,2,0.383664
0.1505,0.61498,T,2,0.343284
0.0607,0.50663,T,2,0.451634
0.0897,0.62146,T,2,0.336804
0.0703,0.52336,T,2,0.434904
0.0705,0.51474,T,2,0.443524
0.0997,0.5274,T,2,0.430864
0.08,0.45847,T,2,0.499794
0.0705,0.54664,T,2,0.411624
0.0998,0.50329,T,2,0.454974
0.1094,0.49694,T,2,0.461324
0.0585,0.46173,T,2,0.496534
0.0897,0.49129,T,2,0.466974
0.0701,0.49222,T,2,0.466044
0.0895,0.53344,T,2,0.424824
0.1211,0.45225,T,2,0.506014
0.1195,0.49356,T,2,0.464704
0.0805,0.49824,T,2,0.460024
0.0899,0.5254,T,2,0.432864
0.0585,0.4687,T,2,0.489564
0.0608,0.50225,T,2,0.456014
0.131,0.52591,T,2,0.432354
0.1095,0.53894,T,2,0.419324
0.1096,0.57302,T,2,0.385244
0.1505,0.63532,T,2,0.322944
0.0994,0.58258,T,2,0.375684
0.1309,0.53896,T,2,0.419304
0.1096,0.55203,T,2,0.406234
0.1115,0.51956,T,2,0.438704
0.1193,0.65012,T,2,0.308144
0.1091,0.63293,T,2,0.325334
0.1819,0.66702,T,2,0.291244
0.1095,0.47894,T,2,0.479324
0.0997,0.65817,T,2,0.300094
0.0897,0.4347,T,2,0.523564
0.1504,0.51596,T,2,0.442304
0.1092,0.5262,T,2,0.432064
0.0895,0.46176,T,2,0.496504
0.0607,0.52132,T,2,0.436944
0.1796,0.68088,T,2,0.277384
0.0704,0.43192,T,2,0.526344
0.0705,0.45671,T,2,0.501554
0.1309,0.79079,T,2,0.167474
0.1095,0.73653,T,2,0.221734
0.0604,0.48732,T,2,0.470944
0.129,0.72848,T,2,0.229784
0.1093,0.43731,T,2,0.520954
0.1798,0.70863,T,2,0.249634
0.08,0.50207,T,2,0.456194
0.1818,0.68992,T,2,0.268344
0.0605,0.44435,T,2,0.513914
0.209,0.80671,T,2,0.151554
0.1096,0.48579,T,2,0.472474
0.07,0.60003,T,2,0.358234
0.1191,0.51496,T,2,0.443304
0.1215,0.82108,T,2,0.137184
0.08,0.51956,T,2,0.438704
0.0997,0.70753,T,2,0.250734
0.0994,0.49658,T,2,0.461684
0.0605,0.59279,T,2,0.365474
0.0895,0.77585,T,2,0.182414
0.1113,0.53869,T,2,0.419574
0.1195,0.65122,T,2,0.307044
0.0995,0.769,T,2,0.189264
0.1115,0.46323,T,2,0.495034
0.0919,0.54061,T,2,0.417654
0.0803,0.55509,T,2,0.403174
0.1818,0.65574,T,2,0.302524
0.1309,0.75701,T,2,0.201254
0.1014,0.48474,T,2,0.473524
0.1408,0.79125,T,2,0.167014
0.0995,0.7253,T,2,0.232964
0.17,0.62498,T,2,0.333284
0.0507,0.53806,T,2,0.420204
0.1387,0.7174,T,2,0.240864
0.1287,0.69692,T,2,0.261344
0.0898,0.44419,T,2,0.514074
0.0995,0.52181,T,2,0.436454
0.0603,0.5815,T,2,0.376764
0.0805,0.58771,T,2,0.370554
0.119,0.68401,T,2,0.274254
0.0705,0.4763,T,2,0.481964
0.1387,0.80166,T,2,0.156604
0.0895,0.6787,T,2,0.279564
0.1095,0.6471,T,2,0.311164
0.08,0.44173,T,2,0.516534
0.1386,0.73365,T,2,0.224614
0.0608,0.47802,T,2,0.480244
0.0585,0.38357,T,2,0.574694
0.0805,0.65794,T,2,0.300324
0.1018,0.78505,T,2,0.173214
0.0899,0.49573,T,2,0.462534
0.0682,0.43156,T,2,0.526704
0.07,0.51278,T,2,0.445484
0.08,0.46289,T,2,0.495374
0.08,0.39919,T,2,0.559074
0.0705,0.45732,T,2,0.500944
0.0585,0.53129,T,2,0.426974
0.0704,0.40937,T,2,0.548894
0.09,0.45455,T,2,0.503714
0.0605,0.50555,T,2,0.452714
0.1195,0.7182,T,2,0.240064
0.0605,0.4457,T,2,0.512564
0.0895,0.44641,T,2,0.511854
0.08,0.4492,T,2,0.509064
0.0895,0.58993,T,2,0.368334
0.0605,0.437,T,2,0.521264
0.0605,0.57675,T,2,0.381514
0.0705,0.42156,T,2,0.536704
0.0702,0.50754,T,2,0.450724
0.1096,0.6097,T,2,0.348564
0.0608,0.4064,T,2,0.551864
0.0605,0.46171,T,2,0.496554
0.0608,0.44646,T,2,0.511804
0.0705,0.44669,T,2,0.511574
0.129,0.59041,T,2,0.367854
0.0603,0.48178,T,2,0.476484
0.0705,0.44587,T,2,0.512394
0.0608,0.43288,T,2,0.525384
0.0608,0.46418,T,2,0.494084
0.0608,0.43644,T,2,0.521824
0.08,0.4851,T,2,0.473164
0.08,0.5233,T,2,0.434964
0.08,0.53521,T,2,0.423054
0.0682,0.50506,T,2,0.453204
0.0605,0.58097,T,2,0.377294
0.0585,0.50279,T,2,0.455474
0.0805,0.40238,T,2,0.555884
0.0607,0.43494,T,2,0.523324
0.0585,0.49824,T,2,0.460024
0.0704,0.5192,T,2,0.439064
0.1095,0.67669,T,2,0.281574
0.0703,0.45808,T,2,0.500184
0.0801,0.49677,T,2,0.461494
0.1482,0.41985,T,2,0.538414
0.0705,0.48501,T,2,0.473254
0.1504,0.62391,T,2,0.334354
0.0995,0.61521,T,2,0.343054
0.0995,0.53289,T,2,0.425374
0.0803,0.43903,T,2,0.519234
0.0605,0.54564,T,2,0.412624
0.0587,0.5359,T,2,0.422364
0.0605,0.39251,T,2,0.565754
0.131,0.70611,T,2,0.252154
0.121,0.64471,T,2,0.313554
0.131,0.62962,T,2,0.328644
0.09,0.44253,T,2,0.515734
0.0996,0.60669,T,2,0.351574
0.0585,0.45092,T,2,0.507344
0.1505,0.61756,T,2,0.340704
0.0805,0.54165,T,2,0.416614
0.121,0.71201,T,2,0.246254
0.0895,0.5177,T,2,0.440564
0.0703,0.44416,T,2,0.514104
0.0919,0.49179,T,2,0.466474
0.08,0.4842,T,2,0.474064
0.1018,0.49739,T,2,0.460874
0.0994,0.46315,T,2,0.495114
0.0704,0.49006,T,2,0.468204
0.1385,0.50784,T,2,0.450424
0.129,0.45098,T,2,0.507284
0.08,0.45072,T,2,0.507544
0.0686,0.46577,T,2,0.492494
0.08,0.4867,T,2,0.471564
0.0605,0.41879,T,2,0.539474
0.0703,0.42189,T,2,0.536374
0.0996,0.48194,T,2,0.476324
0.09,0.43162,T,2,0.526644
0.0919,0.50605,T,2,0.452214
0.1113,0.6747,T,2,0.283564
0.121,0.63086,T,2,0.327404
0.0605,0.44595,T,2,0.512314
0.0686,0.55121,T,2,0.407054
0.0608,0.5578,T,2,0.400464
0.0801,0.48595,T,2,0.472314
0.0605,0.5382,T,2,0.420064
0.1482,0.65044,T,2,0.307824
0.0998,0.69649,T,2,0.261774
0.0997,0.58878,T,2,0.369484
0.0607,0.49351,T,2,0.464754
0.0895,0.61174,T,2,0.346524
0.08,0.5467,T,2,0.411564
0.0705,0.47249,T,2,0.485774
0.0605,0.48556,T,2,0.472704
0.0602,0.47756,T,2,0.480704
0.0897,0.41464,T,2,0.543624
0.2187,0.5985,T,2,0.359764
0.1096,0.67849,T,2,0.279774
0.1091,0.59035,T,2,0.367914
0.0702,0.49168,T,2,0.466584
0.0608,0.59547,T,2,0.362794
0.0705,0.521,T,2,0.437264
0.1014,0.67164,T,2,0.286624
0.0705,0.47927,T,2,0.478994
0.0586,0.50879,T,2,0.449474
0.0608,0.45102,T,2,0.507244
0.0995,0.53788,T,2,0.420384
0.0586,0.5235,T,2,0.434764
0.119,0.58441,T,2,0.373854
0.09,0.54684,T,2,0.411424
0.1095,0.56497,T,2,0.393294
0.08,0.58783,T,2,0.370434
0.09,0.49446,T,2,0.463804
0.0702,0.58816,T,2,0.370104
0.0897,0.47687,T,2,0.481394
0.0705,0.47994,T,2,0.478324
0.0606,0.45383,T,2,0.504434
0.08,0.51035,T,2,0.447914
0.1018,0.51049,T,2,0.447774
0.0899,0.50774,T,2,0.450524
0.0705,0.50353,T,2,0.454734
0.0895,0.49074,T,2,0.467524
0.0705,0.39618,T,2,0.562084
0.0701,0.51526,T,2,0.443004
0.0702,0.45032,T,2,0.507944
0.0705,0.48579,T,2,0.472474
0.0705,0.41509,T,2,0.543174
0.0608,0.47243,T,2,0.485834
0.0702,0.39859,T,2,0.559674
0.0703,0.4372,T,2,0.521064
0.0605,0.41859,T,2,0.539674
0.0585,0.4219,T,2,0.536364
0.0703,0.45449,T,2,0.503774
0.0605,0.42687,T,2,0.531394
0.0586,0.5155,T,2,0.442764
0.0586,0.50941,T,2,0.448854
0.0682,0.43727,T,2,0.520994
0.0805,0.41718,T,2,0.541084
0.0605,0.43826,T,2,0.520004
0.09,0.41979,T,2,0.538474
0.0682,0.50648,T,2,0.451784
0.08,0.50883,T,2,0.449434
0.0897,0.48615,T,2,0.472114
0.0781,0.44426,T,2,0.514004
0.0606,0.48246,T,2,0.475804
0.0681,0.4054,T,2,0.552864
0.0895,0.52778,T,2,0.430484
0.0704,0.47966,T,2,0.478604
0.0705,0.54058,T,2,0.417684
0.0605,0.45047,T,2,0.507794
0.0682,0.47606,T,2,0.482204
0.0604,0.43775,T,2,0.520514
0.0586,0.43111,T,2,0.527154
0.0608,0.39322,T,2,0.565044
0.0608,0.4155,T,2,0.542764
0.0604,0.51886,T,2,0.439404
0.0587,0.49061,T,2,0.467654
0.0801,0.57004,T,2,0.388224
0.07,0.47786,T,2,0.480404
0.09,0.5489,T,2,0.409364
0.1113,0.47649,T,2,0.481774
0.07,0.4872,T,2,0.471064
0.08,0.5826,T,2,0.375664
0.1215,0.67535,T,2,0.282914
0.0704,0.47392,T,2,0.484344
0.0702,0.48462,T,2,0.473644
0.0608,0.50462,T,2,0.453644
0.0705,0.53541,T,2,0.422854
0.08,0.52577,T,2,0.432494
0.0585,0.48044,T,2,0.477824
0.0705,0.47644,T,2,0.481824
0.0781,0.49783,T,2,0.460434
0.0605,0.44844,T,2,0.509824
0.0995,0.54568,T,2,0.412584
0.0607,0.4854,T,2,0.472864
0.0605,0.41734,T,2,0.540924
0.0705,0.46747,T,2,0.490794
0.0604,0.52454,T,2,0.433724
0.0682,0.46581,T,2,0.492454
0.1191,0.61605,T,2,0.342214
0.0606,0.48984,T,2,0.468424
0.0585,0.44116,T,2,0.517104
0.0608,0.44337,T,2,0.514894
0.0605,0.43784,T,2,0.520424
0.0604,0.47243,T,2,0.485834
0.0703,0.42996,T,2,0.528304
0.07,0.43775,T,2,0.520514
0.08,0.53489,T,2,0.423374
0.08,0.42085,T,2,0.537414
0.0587,0.49318,T,2,0.465084
0.1409,0.51898,T,2,0.439284
0.1285,0.53893,T,2,0.419334
0.0997,0.46458,T,2,0.493684
0.0702,0.49378,T,2,0.464484
0.0705,0.40801,T,2,0.550254
0.3395,0.46564,T,2,0.492624
0.789,0.56756,T,2,0.390704
0.0608,0.53046,T,2,0.427804
0.17,0.76046,T,2,0.197804
0.08,0.62306,T,2,0.335204
0.0605,0.42841,T,2,0.529854
0.0605,0.61549,T,2,0.342774
0.0703,0.54367,T,2,0.414594
0.0608,0.44879,T,2,0.509474
0.08,0.58135,T,2,0.376914
0.0703,0.59304,T,2,0.365224
0.0606,0.4842,T,2,0.474064
0.1191,0.57464,T,2,0.383624
0.08,0.62608,T,2,0.332184
0.0997,0.70137,T,2,0.256894
0.0805,0.5313,T,2,0.426964
0.0608,0.50261,T,2,0.455654
0.0899,0.61864,T,2,0.339624
0.0705,0.5488,T,2,0.409464
0.0585,0.56786,T,2,0.390404
0.0605,0.38485,T,2,0.573414
0.0703,0.42413,T,2,0.534134
0.0781,0.55835,T,2,0.399914
0.0605,0.50355,T,2,0.454714
0.0605,0.46497,T,2,0.493294
0.0801,0.40261,T,2,0.555654
0.08,0.50835,T,2,0.449914
0.0703,0.44505,T,2,0.513214
0.08,0.55515,T,2,0.403114
0.07,0.4856,T,2,0.472664
0.0587,0.57661,T,2,0.381654
0.08,0.66731,T,2,0.290954
0.08,0.5399,T,2,0.418364
0.0682,0.67109,T,2,0.287174
0.0608,0.44953,T,2,0.508734
0.0607,0.45031,T,2,0.507954
0.08,0.57391,T,2,0.384354
0.0805,0.52915,T,2,0.429114
0.1482,0.64274,T,2,0.315524
0.0607,0.49729,T,2,0.460974
0.1385,0.62851,T,2,0.329754
0.08,0.59364,T,2,0.364624
0.0704,0.61118,T,2,0.347084
0.0608,0.50404,T,2,0.454224
0.0604,0.51393,T,2,0.444334
0.0705,0.48323,T,2,0.475034
0.0919,0.56777,T,2,0.390494
0.0703,0.60275,T,2,0.355514
0.08,0.57994,T,2,0.378324
0.0897,0.47377,T,2,0.484494
0.0607,0.67834,T,2,0.279924
0.0705,0.49303,T,2,0.465234
0.121,0.6839,T,2,0.274364
0.07,0.49291,T,2,0.465354
0.08,0.5397,T,2,0.418564
0.08,0.51771,T,2,0.440554
0.08,0.43686,T,2,0.521404
0.0586,0.46871,T,2,0.489554
0.0704,0.50457,T,2,0.453694
0.0602,0.43714,T,2,0.521124
0.0801,0.49612,T,2,0.462144
0.07,0.60296,T,2,0.355304
0.0705,0.57868,T,2,0.379584
0.0895,0.60353,T,2,0.354734
0.0702,0.59621,T,2,0.362054
0.0703,0.50778,T,2,0.450484
0.0701,0.60402,T,2,0.354244
0.0605,0.49459,T,2,0.463674
0.3497,0.50674,T,2,0.451524
0.09,0.48802,T,2,0.470244
0.0703,0.43099,T,2,0.527274
0.0605,0.52287,T,2,0.435394
0.09,0.68389,T,2,0.274374
0.0603,0.47675,T,2,0.481514
0.1193,0.67729,T,2,0.280974
0.08,0.73607,T,2,0.222194
0.0703,0.59115,T,2,0.367114
0.0585,0.40754,T,2,0.550724
0.0995,0.52607,T,2,0.432194
0.09,0.59218,T,2,0.366084
0.0608,0.43082,T,2,0.527444
0.08,0.4931,T,2,0.465164
0.08,0.46499,T,2,0.493274
0.0705,0.38868,T,2,0.569584
0.119,0.54948,T,2,0.408784
0.08,0.51242,T,2,0.445844
0.0587,0.5108,T,2,0.447464
0.0607,0.4763,T,2,0.481964
0.0705,0.48006,T,2,0.478204
0.1015,0.72316,T,2,0.235104
0.0682,0.60818,T,2,0.350084
0.08,0.63258,T,2,0.325684
0.0705,0.43289,T,2,0.525374
0.0605,0.63337,T,2,0.324894
0.08,0.3964,T,2,0.561864
0.08,0.51351,T,2,0.444754
0.2208,0.56824,T,2,0.390024
0.1581,0.47655,T,2,0.481714
0.0705,0.43027,T,2,0.527994
0.1503,0.54236,T,2,0.415904
0.08,0.41384,T,2,0.544424
0.211,0.59244,T,2,0.365824
0.111,0.45081,T,2,0.507454
0.1505,0.47633,T,2,0.481934
0.129,0.63272,T,2,0.325544
0.1287,0.60145,T,2,0.356814
0.0701,0.46064,T,2,0.497624
0.0705,0.40116,T,2,0.557104
0.0805,0.40261,T,2,0.555654
0.1505,0.51716,T,2,0.441104
0.09,0.48122,T,2,0.477044
0.0899,0.51824,T,2,0.440024
0.0605,0.4966,T,2,0.461664
0.0681,0.47253,T,2,0.485734
0.0605,0.482,T,2,0.476264
0.08,0.4333,T,2,0.524964
0.0899,0.48149,T,2,0.476774
0.0702,0.43685,T,2,0.521414
0.0705,0.48779,T,2,0.470474
0.0686,0.53262,T,2,0.425644
0.0606,0.44173,T,2,0.516534
0.0705,0.48753,T,2,0.470734
0.07,0.53361,T,2,0.424654
0.0602,0.45205,T,2,0.506214
0.0705,0.51787,T,2,0.440394
0.0899,0.4728,T,2,0.485464
0.119,0.48505,T,2,0.473214
0.121,0.48194,T,2,0.476324
0.1095,0.43213,T,2,0.526134
0.0505,0.44058,T,2,0.517684
0.0995,0.42351,T,2,0.534754
0.09,0.56717,T,2,0.391094
0.0803,0.47037,T,2,0.487894
0.1095,0.48522,T,2,0.473044
0.08,0.4106,T,2,0.547664
0.1094,0.41936,T,2,0.538904
0.0995,0.47273,T,2,0.485534
0.1018,0.42714,T,2,0.531124
0.0508,0.40474,T,2,0.553524
0.0509,0.37757,T,2,0.580694
0.0605,0.48495,T,2,0.473314
0.09,0.46692,T,2,0.491344
0.07,0.4563,T,2,0.501964
0.0998,0.42103,T,2,0.537234
0.1018,0.43285,T,2,0.525414
0.08,0.4425,T,2,0.515764
0.0997,0.41664,T,2,0.541624
0.0996,0.51703,T,2,0.441234
0.0998,0.49225,T,2,0.466014
0.0605,0.42547,T,2,0.532794
0.0995,0.44984,T,2,0.508424
0.0608,0.44957,T,2,0.508694
0.0686,0.40785,T,2,0.550414
0.0604,0.44572,T,2,0.512544
0.1093,0.42978,T,2,0.528484
0.0897,0.4303,T,2,0.527964
0.0899,0.46583,T,2,0.492434
0.0997,0.41688,T,2,0.541384
0.0605,0.46981,T,2,0.488454
0.1289,0.4856,T,2,0.472664
0.0705,0.5144,T,2,0.443864
0.1093,0.5126,T,2,0.445664
0.1095,0.52479,T,2,0.433474
0.1094,0.45038,T,2,0.507884
0.0898,0.44382,T,2,0.514444
0.08,0.48984,T,2,0.468424
0.1114,0.48696,T,2,0.471304
0.119,0.47424,T,2,0.484024
0.0899,0.44224,T,2,0.516024
0.08,0.44808,T,2,0.510184
0.1115,0.43552,T,2,0.522744
0.1018,0.53403,T,2,0.424234
0.08,0.50051,T,2,0.457754
0.129,0.50617,T,2,0.452094
0.08,0.49727,T,2,0.460994
0.1095,0.53987,T,2,0.418394
0.08,0.41307,T,2,0.545194
0.1115,0.44926,T,2,0.509004
0.121,0.46041,T,2,0.497854
0.0703,0.43433,T,2,0.523934
0.1405,0.45576,T,2,0.502504
0.0897,0.45495,T,2,0.503314
0.0995,0.44805,T,2,0.510214
0.1193,0.55607,T,2,0.402194
0.119,0.55337,T,2,0.404894
0.0895,0.50787,T,2,0.450394
0.0604,0.44408,T,2,0.514184
0.1309,0.55095,T,2,0.407314
0.1215,0.50503,T,2,0.453234
0.0995,0.46719,T,2,0.491074
0.129,0.48839,T,2,0.469874
0.1408,0.44274,T,2,0.515524
0.0995,0.56064,T,2,0.397624
0.09,0.47238,T,2,0.485884
0.08,0.54858,T,2,0.409684
0.0995,0.54423,T,2,0.414034
0.09,0.52656,T,2,0.431704
0.1092,0.47617,T,2,0.482094
0.07,0.4391,T,2,0.519164
0.08,0.45107,T,2,0.507194
0.1093,0.49335,T,2,0.464914
0.0897,0.52613,T,2,0.432134
0.1092,0.53484,T,2,0.423424
0.0895,0.5493,T,2,0.408964
0.0899,0.45106,T,2,0.507204
0.0606,0.45397,T,2,0.504294
0.1095,0.54337,T,2,0.414894
0.1115,0.46775,T,2,0.490514
0.0805,0.45598,T,2,0.502284
0.0585,0.42455,T,2,0.533714
0.0704,0.47983,T,2,0.478434
0.0995,0.51234,T,2,0.445924
0.139,0.59348,T,2,0.364784
0.0998,0.56833,T,2,0.389934
0.1014,0.48865,T,2,0.469614
0.0899,0.5139,T,2,0.444364
0.1408,0.48087,T,2,0.477394
0.1407,0.49049,T,2,0.467774
0.1115,0.51865,T,2,0.439614
0.1018,0.50125,T,2,0.457014
0.1307,0.49452,T,2,0.463744
0.0702,0.48846,T,2,0.469804
0.119,0.5192,T,2,0.439064
0.1195,0.49302,T,2,0.465244
0.1405,0.51083,T,2,0.447434
0.0897,0.52693,T,2,0.431334
0.1095,0.4845,T,2,0.473764
0.119,0.43588,T,2,0.522384
0.1093,0.53307,T,2,0.425194
0.0703,0.54477,T,2,0.413494
0.07,0.44397,T,2,0.514294
0.1014,0.4694,T,2,0.488864
0.08,0.47995,T,2,0.478314
0.1305,0.57253,T,2,0.385734
0.1307,0.49161,T,2,0.466654
0.129,0.54421,T,2,0.414054
0.119,0.56522,T,2,0.393044
0.119,0.48485,T,2,0.473414
0.119,0.46737,T,2,0.490894
0.1503,0.50687,T,2,0.451394
0.131,0.5432,T,2,0.415064
0.0801,0.46897,T,2,0.489294
0.0897,0.55345,T,2,0.404814
0.09,0.51072,T,2,0.447544
0.0895,0.50502,T,2,0.453244
0.0587,0.47758,T,2,0.480684
0.0996,0.56771,T,2,0.390554
0.1095,0.53586,T,2,0.422404
0.0895,0.50677,T,2,0.451494
0.1018,0.4765,T,2,0.481764
0.0705,0.40021,T,2,0.558054
0.08,0.47994,T,2,0.478324
0.0608,0.46711,T,2,0.491154
0.0702,0.48551,T,2,0.472754
0.0704,0.43025,T,2,0.528014
0.08,0.42876,T,2,0.529504
0.0996,0.50502,T,2,0.453244
0.0705,0.505,T,2,0.453264
0.0702,0.4461,T,2,0.512164
0.0585,0.49033,T,2,0.467934
0.09,0.44357,T,2,0.514694
0.0702,0.42631,T,2,0.531954
0.08,0.44048,T,2,0.517784
0.0682,0.50156,T,2,0.456704
0.0803,0.42241,T,2,0.535854
0.0607,0.4974,T,2,0.460864
0.0703,0.51053,T,2,0.447734
0.0604,0.49503,T,2,0.463234
0.0608,0.4311,T,2,0.527164
0.0586,0.46523,T,2,0.493034
0.0701,0.47799,T,2,0.480274
0.0899,0.43556,T,2,0.522704
0.0805,0.49415,T,2,0.464114
0.0603,0.42512,T,2,0.533144
0.09,0.5091,T,2,0.449164
0.0604,0.49764,T,2,0.460624
0.09,0.47066,T,2,0.487604
0.0585,0.41847,T,2,0.539794
0.0803,0.54735,T,2,0.410914
0.16,0.59337,T,2,0.364894
0.129,0.57308,T,2,0.385184
0.1502,0.60641,T,2,0.351854
0.2402,0.60308,T,2,0.355184
0.08,0.55393,T,2,0.404334
0.0702,0.42727,T,2,0.530994
0.0686,0.43017,T,2,0.528094
0.0998,0.37703,T,2,0.581234
0.0703,0.4349,T,2,0.523364
0.1505,0.43719,T,2,0.521074
0.291,0.4226,T,2,0.535664
0.0607,0.44809,T,2,0.510174
0.09,0.48575,T,2,0.472514
0.18,0.49766,T,2,0.460604
0.08,0.44922,T,2,0.509044
1.4902,0.57352,T,2,0.384744
0.2985,0.41396,T,2,0.544304
0.16,0.45698,T,2,0.501284
0.1092,0.39985,T,2,0.558414
0.1094,0.4658,T,2,0.492464
0.0801,0.45257,T,2,0.505694
0.0605,0.49719,T,2,0.461074
0.0997,0.53494,T,2,0.423324
0.08,0.41249,T,2,0.545774
0.09,0.4345,T,2,0.523764
0.119,0.57278,T,2,0.385484
0.09,0.41655,T,2,0.541714
0.1091,0.51595,T,2,0.442314
0.0803,0.44735,T,2,0.510914
0.0704,0.56812,T,2,0.390144
0.08,0.4864,T,2,0.471864
0.09,0.44587,T,2,0.512394
0.09,0.48624,T,2,0.472024
0.0608,0.49036,T,2,0.467904
0.0585,0.39236,T,2,0.565904
0.08,0.58961,T,2,0.368654
0.0704,0.57315,T,2,0.385114
0.1581,0.5296,T,2,0.428664
0.0705,0.54179,T,2,0.416474
0.0805,0.6506,T,2,0.307664
0.0602,0.42428,T,2,0.533984
0.0703,0.43221,T,2,0.526054
0.0703,0.48193,T,2,0.476334
0.209,0.45614,T,2,0.502124
0.0997,0.66353,T,2,0.294734
0.0703,0.53942,T,2,0.418844
0.1095,0.60398,T,2,0.354284
0.0605,0.49863,T,2,0.459634
0.1191,0.7098,T,2,0.248464
0.0899,0.6726,T,2,0.285664
0.08,0.62946,T,2,0.328804
0.0996,0.69868,T,2,0.259584
0.1113,0.66939,T,2,0.288874
0.0608,0.53008,T,2,0.428184
0.0899,0.71279,T,2,0.245474
0.0919,0.50518,T,2,0.453084
0.1503,0.60977,T,2,0.348494
0.0585,0.60379,T,2,0.354474
0.111,0.6211,T,2,0.337164
0.0996,0.56174,T,2,0.396524
0.1309,0.70767,T,2,0.250594
0.0587,0.45335,T,2,0.504914
0.08,0.57166,T,2,0.386604
0.0895,0.55833,T,2,0.399934
0.0899,0.60874,T,2,0.349524
0.0998,0.70473,T,2,0.253534
0.0997,0.7257,T,2,0.232564
0.119,0.68229,T,2,0.275974
0.17,0.67214,T,2,0.286124
0.2305,0.69241,T,2,0.265854
0.1191,0.5633,T,2,0.394964
0.1095,0.43103,T,2,0.527234
0.0897,0.62815,T,2,0.330114
0.0682,0.41313,T,2,0.545134
0.08,0.64097,T,2,0.317294
0.0801,0.72691,T,2,0.231354
0.08,0.80836,T,2,0.149904
0.08,0.59536,T,2,0.362904
0.09,0.69536,T,2,0.262904
0.09,0.72178,T,2,0.236484
0.1404,0.83342,T,2,0.124844
0.131,0.6361,T,2,0.322164
0.0682,0.50317,T,2,0.455094
0.0897,0.50992,T,2,0.448344
0.1096,0.78356,T,2,0.174704
0.0704,0.51536,T,2,0.442904
0.1092,0.76034,T,2,0.197924
0.0603,0.51265,T,2,0.445614
0.1093,0.54611,T,2,0.412154
0.1506,0.70351,T,2,0.254754
0.0895,0.47214,T,2,0.486124
0.119,0.78791,T,2,0.170354
0.1114,0.56866,T,2,0.389604
0.0605,0.48685,T,2,0.471414
0.0608,0.46487,T,2,0.493394
0.0705,0.49415,T,2,0.464114
0.119,0.57147,T,2,0.386794
0.1795,0.55228,T,2,0.405984
0.1603,0.45803,T,2,0.500234
0.209,0.54719,T,2,0.411074
0.1095,0.46268,T,2,0.495584
0.1405,0.42712,T,2,0.531144
0.209,0.45997,T,2,0.498294
0.1913,0.48329,T,2,0.474974
0.09,0.58132,T,2,0.376944
0.0997,0.59125,T,2,0.367014
0.0705,0.52351,T,2,0.434754
0.0801,0.49644,T,2,0.461824
0.1407,0.45784,T,2,0.500424
0.121,0.4782,T,2,0.480064
0.17,0.42101,T,2,0.537254
0.1406,0.48668,T,2,0.471584
0.1191,0.44947,T,2,0.508794
0.0997,0.39784,T,2,0.560424
0.1913,0.48994,T,2,0.468324
0.0704,0.40156,T,2,0.556704
0.1211,0.43452,T,2,0.523744
0.1195,0.45193,T,2,0.506334
0.361,0.51919,T,2,0.439074
0.1405,0.46584,T,2,0.492424
0.1309,0.44165,T,2,0.516614
0.1505,0.56249,T,2,0.395774
0.1504,0.49733,T,2,0.460934
0.129,0.57541,T,2,0.382854
0.1505,0.46028,T,2,0.497984
0.09,0.46817,T,2,0.490094
0.08,0.41014,T,2,0.548124
0.0705,0.45859,T,2,0.499674
0.0895,0.52878,T,2,0.429484
0.0995,0.4946,T,2,0.463664
0.1193,0.47384,T,2,0.484424
0.1018,0.4655,T,2,0.492764
0.1603,0.50236,T,2,0.455904
0.1309,0.4695,T,2,0.488764
0.0608,0.43079,T,2,0.527474
0.1605,0.51267,T,2,0.445594
0.0801,0.48133,T,2,0.476934
0.0899,0.48482,T,2,0.473444
0.0605,0.45948,T,2,0.498784
0.0899,0.46139,T,2,0.496874
0.0705,0.42189,T,2,0.536374
0.0604,0.43964,T,2,0.518624
0.0703,0.38615,T,2,0.572114
0.08,0.48778,T,2,0.470484
0.0801,0.42074,T,2,0.537524
0.0998,0.48192,T,2,0.476344
0.0895,0.50146,T,2,0.456804
0.0704,0.46017,T,2,0.498094
0.0703,0.40331,T,2,0.554954
0.0605,0.4506,T,2,0.507664
0.0705,0.43193,T,2,0.526334
0.0682,0.46026,T,2,0.498004
0.0701,0.49947,T,2,0.458794
0.0996,0.43478,T,2,0.523484
0.0705,0.49076,T,2,0.467504
0.0805,0.44751,T,2,0.510754
0.0703,0.43329,T,2,0.524974
0.0604,0.46257,T,2,0.495694
0.09,0.45746,T,2,0.500804
0.131,0.48469,T,2,0.473574
0.0895,0.57289,T,2,0.385374
0.0703,0.52659,T,2,0.431674
0.0705,0.50005,T,2,0.458214
0.09,0.51181,T,2,0.446454
0.0703,0.47382,T,2,0.484444
0.08,0.46768,T,2,0.490584
0.0607,0.39601,T,2,0.562254
0.0702,0.42744,T,2,0.530824
0.0997,0.43754,T,2,0.520724
0.0705,0.43612,T,2,0.522144
0.0705,0.45094,T,2,0.507324
0.1014,0.42167,T,2,0.536594
0.08,0.47075,T,2,0.487514
0.0681,0.44666,T,2,0.511604
0.0705,0.47565,T,2,0.482614
0.1289,0.48703,T,2,0.471234
0.08,0.45296,T,2,0.505304
0.0703,0.44054,T,2,0.517724
0.09,0.47273,T,2,0.485534
0.129,0.54121,T,2,0.417054
0.131,0.4454,T,2,0.512864
0.0703,0.50431,T,2,0.453954
0.08,0.42542,T,2,0.532844
0.0895,0.46854,T,2,0.489724
0.0682,0.43924,T,2,0.519024
0.08,0.44941,T,2,0.508854
0.0605,0.46053,T,2,0.497734
0.0605,0.46559,T,2,0.492674
0.0895,0.44905,T,2,0.509214
0.08,0.42445,T,2,0.533814
0.08,0.51428,T,2,0.443984
0.08,0.44477,T,2,0.513494
0.07,0.397,T,2,0.561264
0.0605,0.38913,T,2,0.569134
0.07,0.48909,T,2,0.469174
0.0586,0.484,T,2,0.474264
0.0608,0.45588,T,2,0.502384
0.291,0.65272,T,2,0.305544
0.0897,0.59093,T,2,0.367334
0.0607,0.40742,T,2,0.550844
0.119,0.44336,T,2,0.514904
0.1992,0.76225,T,2,0.196014
0.0604,0.53018,T,2,0.428084
0.1386,0.46714,T,2,0.491124
0.26,0.48001,T,2,0.478254
0.211,0.748,T,2,0.210264
0.1798,0.85351,T,2,0.104754
0.0899,0.75517,T,2,0.203094
0.1096,0.7173,T,2,0.240964
0.2597,0.47219,T,2,0.486074
0.1504,0.83503,T,2,0.123234
0.0996,0.80043,T,2,0.157834
0.1408,0.61689,T,2,0.341374
0.08,0.56462,T,2,0.393644
0.09,0.67213,T,2,0.286134
0.129,0.66926,T,2,0.289004
0.121,0.62387,T,2,0.334394
0.1386,0.90202,T,2,0.056244
0.25,0.67163,T,2,0.286634
0.121,0.78397,T,2,0.174294
0.0919,0.72022,T,2,0.238044
0.1211,0.7745,T,2,0.183764
0.08,0.5785,T,2,0.379764
0.0604,0.48614,T,2,0.472124
0.08,0.67717,T,2,0.281094
0.1505,0.79421,T,2,0.164054
0.0682,0.56093,T,2,0.397334
0.1797,0.72067,T,2,0.237594
0.0997,0.62672,T,2,0.331544
0.1095,0.69706,T,2,0.261204
0.1409,0.7646,T,2,0.193664
0.2015,0.57821,T,2,0.380054
0.0604,0.55233,T,2,0.405934
0.1385,0.41393,T,2,0.544334
0.1092,0.85026,T,2,0.108004
0.131,0.55902,T,2,0.399244
0.08,0.49443,T,2,0.463834
0.0705,0.40431,T,2,0.553954
0.1096,0.47501,T,2,0.483254
0.0995,0.7301,T,2,0.228164
0.08,0.42025,T,2,0.538014
0.1601,0.652,T,2,0.306264
0.08,0.4373,T,2,0.520964
0.08,0.64225,T,2,0.316014
0.1092,0.49426,T,2,0.464004
0.0585,0.40533,T,2,0.552934
0.0803,0.59984,T,2,0.358424
0.0801,0.42972,T,2,0.528544
0.119,0.64361,T,2,0.314654
0.1191,0.655,T,2,0.303264
0.1505,0.39868,T,2,0.559584
0.129,0.74339,T,2,0.214874
0.0805,0.64979,T,2,0.308474
0.08,0.45911,T,2,0.499154
0.131,0.47439,T,2,0.483874
0.1897,0.75281,T,2,0.205454
0.09,0.60678,T,2,0.351484
0.08,0.41479,T,2,0.543474
0.2304,0.60997,T,2,0.348294
0.1307,0.91411,T,2,0.044154
0.0704,0.45268,T,2,0.505584
0.1213,0.62144,T,2,0.336824
0.0704,0.40979,T,2,0.548474
0.0587,0.47065,T,2,0.487614
0.0686,0.39127,T,2,0.566994
0.0996,0.58032,T,2,0.377944
0.0801,0.55109,T,2,0.407174
0.0703,0.69888,T,2,0.259384
0.0605,0.48799,T,2,0.470274
0.08,0.41255,T,2,0.545714
0.25,0.58485,T,2,0.373414
0.0608,0.40702,T,2,0.551244
0.0604,0.48081,T,2,0.477454
0.0919,0.74786,T,2,0.210404
0.0895,0.59266,T,2,0.365604
0.0805,0.47205,T,2,0.486214
0.0705,0.3945,T,2,0.563764
0.1486,0.69929,T,2,0.258974
0.08,0.51685,T,2,0.441414
0.209,0.57009,T,2,0.388174
0.0703,0.42248,T,2,0.535784
0.1485,0.59266,T,2,0.365604
0.0602,0.40226,T,2,0.556004
0.0682,0.4198,T,2,0.538464
0.0586,0.41797,T,2,0.540294
0.0587,0.58571,T,2,0.372554
0.0602,0.46543,T,2,0.492834
0.0995,0.54336,T,2,0.414904
0.0607,0.4728,T,2,0.485464
0.131,0.52447,T,2,0.433794
0.24,0.56289,T,2,0.395374
0.0705,0.496,T,2,0.462264
0.09,0.41171,T,2,0.546554
0.07,0.64308,T,2,0.315184
0.0919,0.46836,T,2,0.489904
0.1309,0.75986,T,2,0.198404
0.1893,0.64124,T,2,0.317024
0.0607,0.48227,T,2,0.475994
0.0997,0.78101,T,2,0.177254
0.1215,0.41076,T,2,0.547504
0.0608,0.40291,T,2,0.555354
0.1095,0.41852,T,2,0.539744
0.08,0.55978,T,2,0.398484
0.1307,0.5039,T,2,0.454364
0.0605,0.46261,T,2,0.495654
0.0587,0.50467,T,2,0.453594
0.07,0.56633,T,2,0.391934
0.0703,0.60765,T,2,0.350614
0.0803,0.54887,T,2,0.409394
0.0995,0.49317,T,2,0.465094
0.0897,0.64448,T,2,0.313784
0.1115,0.55074,T,2,0.407524
0.0705,0.49911,T,2,0.459154
0.0803,0.53359,T,2,0.424674
0.0686,0.47971,T,2,0.478554
0.0704,0.4199,T,2,0.538364
0.1285,0.56191,T,2,0.396354
0.0996,0.5644,T,2,0.393864
0.1191,0.48942,T,2,0.468844
0.119,0.56086,T,2,0.397404
0.0704,0.55014,T,2,0.408124
0.1018,0.58682,T,2,0.371444
0.0899,0.56168,T,2,0.396584
0.0704,0.41448,T,2,0.543784
0.1699,0.53301,T,2,0.425254
0.0899,0.41697,T,2,0.541294
0.1405,0.52241,T,2,0.435854
0.1385,0.56883,T,2,0.389434
0.0704,0.53271,T,2,0.425554
0.119,0.46645,T,2,0.491814
0.289,0.67526,T,2,0.283004
0.0607,0.54518,T,2,0.413084
0.1505,0.58853,T,2,0.369734
0.1095,0.6145,T,2,0.343764
0.0701,0.55047,T,2,0.407794
0.0604,0.50566,T,2,0.452604
0.0604,0.50984,T,2,0.448424
0.0995,0.78598,T,2,0.172284
0.1387,0.64272,T,2,0.315544
0.1309,0.68325,G,3,0.275014
0.0608,0.56736,G,3,0.390904
0.1014,0.55862,G,3,0.399644
0.0919,0.60894,G,3,0.349324
0.0507,0.55908,G,3,0.399184
0.1407,0.8796,G,3,0.078664
0.1408,0.62843,G,3,0.329834
0.1504,0.86918,G,3,0.089084
0.1505,0.89918,G,3,0.059084
0.0586,0.54131,G,3,0.416954
0.0489,0.53414,G,3,0.424124
0.1991,0.86393,G,3,0.094334
0.2305,0.90261,G,3,0.055654
0.0995,0.5739,G,3,0.384364
0.2208,0.78414,G,3,0.174124
0.0604,0.56793,G,3,0.390334
0.0603,0.76472,G,3,0.193544
0.1211,0.78164,G,3,0.176624
0.17,0.80319,G,3,0.155074
0.131,0.89775,G,3,0.060514
0.0801,0.71556,G,3,0.242704
0.0509,0.54994,G,3,0.408324
0.0505,0.55009,G,3,0.408174
0.0395,0.51971,G,3,0.438554
0.0487,0.72018,G,3,0.238084
0.1895,0.84676,G,3,0.111504
0.25,0.92903,G,3,0.029234
0.2714,0.87073,G,3,0.087534
0.0705,0.54528,G,3,0.412984
0.129,0.53227,G,3,0.425994
0.0705,0.56997,G,3,0.388294
0.0586,0.67416,G,3,0.284104
0.08,0.75125,G,3,0.207014
0.0485,0.70633,G,3,0.251934
0.119,0.5633,G,3,0.394964
0.17,0.84862,G,3,0.109644
0.1504,0.97769,G,3,-0.019426
0.1113,0.99713,G,3,-0.038866
0.1309,0.92445,G,3,0.033814
0.0485,0.54621,G,3,0.412054
0.051,0.54656,G,3,0.411704
0.0507,0.52965,G,3,0.428614
0.1601,0.83594,G,3,0.122324
0.0607,0.52866,G,3,0.429604
0.08,0.80355,G,3,0.154714
0.0505,0.53364,G,3,0.424624
0.1895,1.14168,G,3,-0.183416
0.129,0.62999,G,3,0.328274
0.1215,1.00711,G,3,-0.048846
0.1405,0.55931,G,3,0.398954
0.0705,0.54359,G,3,0.414674
0.1191,0.87606,G,3,0.082204
0.0998,0.55167,G,3,0.406594
0.1309,0.60187,G,3,0.356394
0.5215,1.11837,G,3,-0.160106
0.42,1.29425,G,3,-0.335986
0.3809,1.10461,G,3,-0.146346
0.289,0.96255,G,3,-0.004286
0.1913,0.8804,G,3,0.077864
0.2598,0.93069,G,3,0.027574
0.289,0.98843,G,3,-0.030166
0.2402,0.9826,G,3,-0.024336
0.1913,0.84736,G,3,0.110904
0.1914,0.92394,G,3,0.034324
0.1408,0.83606,G,3,0.122204
0.4513,1.1313,G,3,-0.173036
0.281,0.99988,G,3,-0.041616
0.1914,0.76182,G,3,0.196444
0.369,0.93362,G,3,0.024644
0.2698,0.99069,G,3,-0.032426
0.2402,0.92501,G,3,0.033254
0.3495,0.89841,G,3,0.059854
0.2382,0.89853,G,3,0.059734
0.281,1.00435,G,3,-0.046086
0.2308,0.95937,G,3,-0.001106
0.381,0.91485,G,3,0.043414
0.4808,0.96637,G,3,-0.008106
0.4903,0.95976,G,3,-0.001496
0.2305,0.8759,G,3,0.082364
0.381,1.11748,G,3,-0.159216
0.3809,0.87553,G,3,0.082734
0.3205,0.8835,G,3,0.074764
0.2795,0.87819,G,3,0.080074
0.4197,0.90515,G,3,0.053114
0.4003,0.82002,G,3,0.138244
0.0998,0.59558,G,3,0.362684
0.4709,0.91707,G,3,0.041194
0.2209,0.81734,G,3,0.140924
0.5705,0.90206,G,3,0.056204
0.2205,0.90583,G,3,0.052434
0.1897,0.83027,G,3,0.127994
0.33,0.77081,G,3,0.187454
0.3691,0.85106,G,3,0.107204
0.1913,0.82849,G,3,0.129774
0.209,0.91544,G,3,0.042824
0.1798,0.91877,G,3,0.039494
0.2209,0.91023,G,3,0.048034
0.3008,0.92594,G,3,0.032324
0.2987,0.9402,G,3,0.018064
0.1993,0.84845,G,3,0.109814
0.1995,0.83708,G,3,0.121184
0.199,0.85508,G,3,0.103184
0.1795,0.83783,G,3,0.120434
0.2793,0.82906,G,3,0.129204
0.2187,0.87495,G,3,0.083314
0.25,0.9167,G,3,0.041564
0.33,0.84006,G,3,0.118204
0.289,0.89625,G,3,0.062014
0.2208,0.89878,G,3,0.059484
0.2697,0.88018,G,3,0.078084
0.199,0.74787,G,3,0.210394
0.3301,0.88477,G,3,0.073494
0.25,0.86931,G,3,0.088954
0.0602,0.53361,G,3,0.424654
0.131,0.56764,G,3,0.390624
0.0507,0.56531,G,3,0.392954
0.0899,0.56951,G,3,0.388754
0.0608,0.55177,G,3,0.406494
0.0606,0.52627,G,3,0.431994
0.1309,0.7602,G,3,0.198064
0.201,0.824,G,3,0.134264
0.1991,0.80973,G,3,0.148534
0.08,0.71741,G,3,0.240854
0.1211,0.71896,G,3,0.239304
0.1115,0.66781,G,3,0.290454
0.049,0.53126,G,3,0.427004
0.1502,0.82277,G,3,0.135494
0.1018,0.82974,G,3,0.128524
0.379,0.79629,G,3,0.161974
0.1407,0.88212,G,3,0.076144
0.0998,0.81673,G,3,0.141534
0.16,0.80758,G,3,0.150684
0.139,0.79408,G,3,0.164184
0.1015,0.73701,G,3,0.221254
0.1895,0.85392,G,3,0.104344
0.1385,0.7749,G,3,0.183364
0.1601,0.77285,G,3,0.185414
0.1405,0.6174,G,3,0.340864
0.121,0.7638,G,3,0.194464
0.16,0.81176,G,3,0.146504
0.0995,0.72297,G,3,0.235294
0.1014,0.79028,G,3,0.167984
0.2208,1.03312,G,3,-0.074856
0.1895,0.80313,G,3,0.155134
0.2401,0.9001,G,3,0.058164
0.2793,0.89398,G,3,0.064284
0.119,0.80261,G,3,0.155654
0.3497,0.90504,G,3,0.053224
0.25,0.83767,G,3,0.120594
0.0705,0.62389,G,3,0.334374
0.0607,0.6637,G,3,0.294564
0.0507,0.6287,G,3,0.329564
0.2403,0.93061,G,3,0.027654
0.1114,0.75109,G,3,0.207174
0.0996,0.68284,G,3,0.275424
0.2011,0.84552,G,3,0.112744
0.0995,0.75759,G,3,0.200674
0.0899,0.63037,G,3,0.327894
0.0995,0.71964,G,3,0.238624
0.0805,0.66908,G,3,0.289184
0.0899,0.66812,G,3,0.290144
0.209,0.73047,G,3,0.227794
0.131,0.72774,G,3,0.230524
0.2011,0.82001,G,3,0.138254
0.0801,0.72205,G,3,0.236214
0.0608,0.65415,G,3,0.304114
0.0608,0.58263,G,3,0.375634
0.0897,0.79771,G,3,0.160554
0.1504,0.74362,G,3,0.214644
0.0703,0.65468,G,3,0.303584
0.0585,0.65032,G,3,0.307944
0.0702,0.73076,G,3,0.227504
0.121,0.66479,G,3,0.293474
0.0489,0.63554,G,3,0.322724
0.0507,0.63371,G,3,0.324554
0.1503,0.77412,G,3,0.184144
0.08,0.89346,G,3,0.064804
0.1195,0.63731,G,3,0.320954
0.2382,0.82983,G,3,0.128434
0.0994,0.69861,G,3,0.259654
0.209,0.911,G,3,0.047264
0.08,0.78302,G,3,0.175244
0.121,0.70193,G,3,0.256334
0.0781,0.74344,G,3,0.214824
0.0703,0.74041,G,3,0.217854
0.1115,0.72394,G,3,0.234324
0.0485,0.63132,G,3,0.326944
0.0895,0.71339,G,3,0.244874
0.09,0.804,G,3,0.154264
0.0608,0.63372,G,3,0.324544
0.0995,0.74163,G,3,0.216634
0.0602,0.53246,G,3,0.425804
0.0997,0.71879,G,3,0.239474
0.1095,0.76534,G,3,0.192924
0.051,0.55762,G,3,0.400644
0.1505,0.86102,G,3,0.097244
0.1796,0.55871,G,3,0.399554
0.0995,0.76217,G,3,0.196094
0.0702,0.56581,G,3,0.392454
0.1915,0.77934,G,3,0.178924
0.1895,0.89065,G,3,0.067614
0.1502,0.62896,G,3,0.329304
0.17,0.82086,G,3,0.137404
0.1405,0.81193,G,3,0.146334
0.131,0.6978,G,3,0.260464
0.16,0.8537,G,3,0.104564
0.1092,0.77195,G,3,0.186314
0.1113,0.72528,G,3,0.232984
0.0586,0.53231,G,3,0.425954
0.129,0.52403,G,3,0.434234
0.0487,0.57517,G,3,0.383094
0.1405,0.71597,G,3,0.242294
0.119,0.71122,G,3,0.247044
0.0487,0.55959,G,3,0.398674
0.17,0.86868,G,3,0.089584
0.1309,0.82126,G,3,0.137004
0.17,0.75069,G,3,0.207574
0.1795,0.71365,G,3,0.244614
0.0507,0.53025,G,3,0.428014
0.2425,0.87469,G,3,0.083574
0.1327,0.86581,G,3,0.092454
0.1719,0.86533,G,3,0.092934
0.0704,0.54723,G,3,0.411034
0.211,0.82786,G,3,0.130404
0.3009,0.93798,G,3,0.020284
0.0625,0.56419,G,3,0.394074
0.082,0.74524,G,3,0.213024
0.3204,0.81895,G,3,0.139314
0.2577,0.83928,G,3,0.118984
0.1014,0.59078,G,3,0.367484
0.2579,0.90655,G,3,0.051714
0.2696,0.80194,G,3,0.156324
0.1877,0.83087,G,3,0.127394
0.1795,0.77374,G,3,0.184524
0.25,1.01113,G,3,-0.052866
0.129,0.82907,G,3,0.129194
0.1797,0.79986,G,3,0.158404
0.168,0.85848,G,3,0.099784
0.0978,0.76313,G,3,0.195134
0.16,1.01308,G,3,-0.054816
0.0585,0.68389,G,3,0.274374
0.129,0.75591,G,3,0.202354
0.0588,0.68828,G,3,0.269984
0.1289,0.91998,G,3,0.038284
0.1522,0.86165,G,3,0.096614
0.1015,0.6198,G,3,0.338464
0.172,0.91295,G,3,0.045314
0.0702,0.53955,G,3,0.418714
0.2105,0.91789,G,3,0.040374
0.2425,0.84251,G,3,0.115754
0.3395,0.83244,G,3,0.125824
0.1797,0.97267,G,3,-0.014406
0.0976,0.62532,G,3,0.332944
0.1093,0.91967,G,3,0.038594
0.1603,0.81525,G,3,0.143014
0.1915,0.99668,G,3,-0.038416
0.082,0.55461,G,3,0.403654
0.1409,0.88138,G,3,0.076884
0.1602,0.84791,G,3,0.110354
0.1213,0.80022,G,3,0.158044
0.0587,0.56946,G,3,0.388804
0.1018,0.63994,G,3,0.318324
0.1092,0.5319,G,3,0.426364
0.1095,0.74099,G,3,0.217274
0.1797,0.77058,G,3,0.187684
0.2421,0.79252,G,3,0.165744
0.1875,0.98954,G,3,-0.031276
0.0977,0.5888,G,3,0.369464
0.2189,0.89057,G,3,0.067694
0.168,0.91177,G,3,0.046494
0.2381,0.81392,G,3,0.144344
0.2773,0.8364,G,3,0.121864
0.711,1.14399,G,3,-0.185726
0.4372,1.1384,G,3,-0.180136
0.543,1.19739,G,3,-0.239126
0.59,0.99078,G,3,-0.032516
0.5585,1.11224,G,3,-0.153976
0.0505,0.54799,G,3,0.410274
0.3515,0.898,G,3,0.060264
0.5628,1.0013,G,3,-0.043036
0.5704,0.9121,G,3,0.046164
0.5198,0.96585,G,3,-0.007586
0.5705,1.07755,G,3,-0.119286
0.5588,0.9764,G,3,-0.018136
0.5313,1.0529,G,3,-0.094636
0.4685,0.99239,G,3,-0.034126
0.461,1.01043,G,3,-0.052166
0.1715,0.84577,G,3,0.112494
0.242,0.85405,G,3,0.104214
0.1605,0.75754,G,3,0.200724
0.2227,0.78647,G,3,0.171794
0.168,0.81132,G,3,0.146944
0.0897,0.74506,G,3,0.213204
0.082,0.57061,G,3,0.387654
0.293,0.85649,G,3,0.101774
0.2695,0.79697,G,3,0.161294
0.211,0.86849,G,3,0.089774
0.051,0.54105,G,3,0.417214
0.0588,0.6064,G,3,0.351864
0.0975,0.78905,G,3,0.169214
0.2303,0.88354,G,3,0.074724
0.0625,0.53697,G,3,0.421294
0.1329,0.81988,G,3,0.138384
0.0899,0.76195,G,3,0.196314
0.0505,0.5122,G,3,0.446064
0.168,0.84681,G,3,0.111454
0.1838,0.83943,G,3,0.118834
0.172,0.82217,G,3,0.136094
0.1796,0.90344,G,3,0.054824
0.1487,0.86469,G,3,0.093574
0.0705,0.63023,G,3,0.328034
0.1329,0.86819,G,3,0.090074
0.0976,0.75287,G,3,0.205394
0.1603,0.7152,G,3,0.243064
0.1408,0.85311,G,3,0.105154
0.1211,0.87501,G,3,0.083254
0.1601,0.69009,G,3,0.268174
0.137,0.99836,G,3,-0.040096
0.1093,0.87336,G,3,0.084904
0.1408,0.91929,G,3,0.038974
0.25,1.02519,G,3,-0.066926
0.2305,1.06376,G,3,-0.105496
0.051,0.55561,G,3,0.402654
0.07,0.53854,G,3,0.419724
0.203,0.82773,G,3,0.130534
0.082,0.74157,G,3,0.216694
0.0666,0.72523,G,3,0.233034
0.09,0.76872,G,3,0.189544
0.0585,0.72227,G,3,0.235994
0.121,0.87677,G,3,0.081494
0.1327,0.82566,G,3,0.132604
0.082,0.78227,G,3,0.175994
0.082,0.66913,G,3,0.289134
0.1603,0.91593,G,3,0.042334
0.1365,0.83768,G,3,0.120584
0.1289,0.83494,G,3,0.123324
0.1679,0.89925,G,3,0.059014
0.1329,0.78629,G,3,0.171974
0.211,0.97476,G,3,-0.016496
0.121,0.82687,G,3,0.131394
0.199,0.90763,G,3,0.050634
0.1993,1.09455,G,3,-0.136286
0.172,0.87429,G,3,0.083974
0.1406,1.03543,G,3,-0.077166
0.129,0.93889,G,3,0.019374
0.172,0.95896,G,3,-0.000696
0.1601,0.90537,G,3,0.052894
0.121,0.86559,G,3,0.092674
0.457,1.14224,G,3,-0.183976
0.418,0.9764,G,3,-0.018136
0.5976,1.04487,G,3,-0.086606
0.59,1.03091,G,3,-0.072646
0.3085,0.83815,G,3,0.120114
0.0467,0.55421,G,3,0.404054
0.6013,0.93674,G,3,0.021524
0.4103,1.07176,G,3,-0.113496
0.2577,0.9661,G,3,-0.007836
0.4061,1.01711,G,3,-0.058846
0.4885,1.08945,G,3,-0.131186
0.41,0.97693,G,3,-0.018666
0.418,0.96984,G,3,-0.011576
0.5899,1.0524,G,3,-0.094136
0.3982,1.03442,G,3,-0.076156
0.3126,1.0371,G,3,-0.078836
0.3515,0.9785,G,3,-0.020236
0.4023,0.93146,G,3,0.026804
0.508,1.0108,G,3,-0.052536
0.5585,0.9028,G,3,0.055464
0.539,0.85242,G,3,0.105844
0.5233,0.97394,G,3,-0.015676
0.5587,1.07031,G,3,-0.112046
0.5623,1.18746,G,3,-0.229196
0.0467,0.57112,G,3,0.387144
0.5821,1.06903,G,3,-0.110766
0.5585,1.06912,G,3,-0.110856
0.668,1.21895,G,3,-0.260686
0.5587,1.15912,G,3,-0.200856
0.582,1.05229,G,3,-0.094026
0.3908,1.09463,G,3,-0.136366
0.461,0.91142,G,3,0.046844
0.4688,0.90926,G,3,0.049004
0.4883,0.89418,G,3,0.064084
0.512,1.01259,G,3,-0.054326
0.5315,1.19706,G,3,-0.238796
0.5315,1.07243,G,3,-0.114166
0.4415,1.11197,G,3,-0.153706
0.5585,1.07286,G,3,-0.114596
0.4296,1.0499,G,3,-0.091636
0.371,1.27368,G,3,-0.315416
0.4493,1.15184,G,3,-0.193576
0.578,0.97886,G,3,-0.020596
0.5585,0.95295,G,3,0.005314
0.457,0.97498,G,3,-0.016716
0.4881,1.03241,G,3,-0.074146
0.6091,1.27808,G,3,-0.319816
0.1603,0.60387,G,3,0.354394
0.3908,1.16705,G,3,-0.208786
0.5313,1.14574,G,3,-0.187476
0.3675,1.04945,G,3,-0.091186
0.5195,1.28162,G,3,-0.323356
0.3909,1.192,G,3,-0.233736
0.34,1.10062,G,3,-0.142356
0.3985,0.99589,G,3,-0.037626
0.2967,0.94466,G,3,0.013604
0.3787,1.01135,G,3,-0.053086
0.4374,1.04466,G,3,-0.086396
0.6601,1.0271,G,3,-0.068836
0.5,0.88581,G,3,0.072454
0.3201,0.88045,G,3,0.077814
0.5271,1.00284,G,3,-0.044576
0.617,1.22504,G,3,-0.266776
0.1603,0.91367,G,3,0.044594
0.3517,0.97582,G,3,-0.017556
0.0899,0.69703,G,3,0.261234
0.2185,0.90733,G,3,0.050934
0.0425,0.52785,G,3,0.430414
0.1095,0.80884,G,3,0.149424
0.129,0.90509,G,3,0.053174
0.1405,0.82235,G,3,0.135914
0.1367,0.54241,G,3,0.415854
0.1524,0.95127,G,3,0.006994
0.0898,0.78466,G,3,0.173604
0.0897,0.70903,G,3,0.249234
0.0899,0.7505,G,3,0.207764
0.0976,0.75865,G,3,0.199614
0.1017,0.76377,G,3,0.194494
0.078,0.75644,G,3,0.201824
0.0705,0.71149,G,3,0.246774
0.0467,0.64075,G,3,0.317514
0.1408,0.7429,G,3,0.215364
0.1287,0.82857,G,3,0.129694
0.0781,0.69633,G,3,0.261934
0.0705,0.62945,G,3,0.328814
0.1875,0.68617,G,3,0.272094
0.047,0.62934,G,3,0.328924
0.18,0.78432,G,3,0.173944
0.121,0.84602,G,3,0.112244
0.1365,0.93325,G,3,0.025014
0.1877,0.97216,G,3,-0.013896
0.1018,0.79853,G,3,0.159734
0.1094,0.79778,G,3,0.160484
0.168,0.82164,G,3,0.136624
0.1405,0.79459,G,3,0.163674
0.1482,0.85525,G,3,0.103014
0.0899,0.82925,G,3,0.129014
0.0785,0.73776,G,3,0.220504
0.168,0.81724,G,3,0.141024
0.117,0.78884,G,3,0.169424
0.0704,0.77733,G,3,0.180934
0.1015,0.7126,G,3,0.245664
0.1407,0.83265,G,3,0.125614
0.1405,0.75408,G,3,0.204184
0.1605,0.81277,G,3,0.145494
0.121,0.74584,G,3,0.212424
0.129,0.76444,G,3,0.193824
0.1991,0.80149,G,3,0.156774
0.1015,0.85672,G,3,0.101544
0.129,0.99166,G,3,-0.033396
0.082,0.75841,G,3,0.199854
0.211,0.80723,G,3,0.151034
0.133,0.97031,G,3,-0.012046
0.0897,0.5558,G,3,0.402464
0.1407,0.944,G,3,0.014264
0.0508,0.52513,G,3,0.433134
0.121,0.85585,G,3,0.102414
0.082,0.66168,G,3,0.296584
0.1603,0.88319,G,3,0.075074
0.1016,0.94101,G,3,0.017254
0.1215,0.67138,G,3,0.286884
0.2305,0.86569,G,3,0.092574
0.2305,0.80482,G,3,0.153444
0.1717,0.76654,G,3,0.191724
0.0781,0.81402,G,3,0.144244
0.1018,0.66274,G,3,0.295524
0.16,0.79099,G,3,0.167274
0.1092,0.9007,G,3,0.057564
0.16,1.00096,G,3,-0.042696
0.1016,0.76903,G,3,0.189234
0.1327,0.87295,G,3,0.085314
0.0586,0.68549,G,3,0.272774
0.051,0.55866,G,3,0.399604
0.1093,0.9268,G,3,0.031464
0.1325,0.88694,G,3,0.071324
0.1405,0.88404,G,3,0.074224
0.137,0.77999,G,3,0.178274
0.1486,0.86516,G,3,0.093104
0.1015,0.85869,G,3,0.099574
0.1405,1.00421,G,3,-0.045946
0.1715,0.75954,G,3,0.198724
0.1092,0.72953,G,3,0.228734
0.121,0.9217,G,3,0.036564
0.1603,1.04792,G,3,-0.089656
0.1601,0.93111,G,3,0.027154
0.1872,0.72465,G,3,0.233614
0.078,0.77758,G,3,0.180684
0.1407,0.80998,G,3,0.148284
0.1095,0.81114,G,3,0.147124
0.0585,0.72301,G,3,0.235254
0.1366,0.75822,G,3,0.200044
0.1095,0.86671,G,3,0.091554
0.1175,0.85104,G,3,0.107224
0.1602,0.92952,G,3,0.028744
0.211,0.77948,G,3,0.178784
0.0781,0.79811,G,3,0.160154
0.1013,0.80349,G,3,0.154774
0.121,0.75616,G,3,0.202104
0.219,0.80153,G,3,0.156734
0.199,0.84925,G,3,0.109014
0.0895,0.76626,G,3,0.192004
0.129,0.81798,G,3,0.140284
0.1094,0.95809,G,3,0.000174
0.0467,0.5901,G,3,0.368164
0.1485,0.89598,G,3,0.062284
0.1408,0.83235,G,3,0.125914
0.0899,0.72977,G,3,0.228494
0.1092,0.80781,G,3,0.150454
0.152,0.70554,G,3,0.252724
0.0899,0.66259,G,3,0.295674
0.0899,0.79223,G,3,0.166034
0.1795,0.65767,G,3,0.300594
0.078,0.78823,G,3,0.170034
0.1408,0.87914,G,3,0.079124
0.1096,0.78558,G,3,0.172684
0.1095,0.72634,G,3,0.231924
0.2225,0.84781,G,3,0.110454
0.113,0.81599,G,3,0.142274
0.211,0.81299,G,3,0.145274
0.1995,0.91075,G,3,0.047514
0.1915,0.86652,G,3,0.091744
0.129,0.80421,G,3,0.154054
0.1521,1.03756,G,3,-0.079296
0.1015,0.78832,G,3,0.169944
